{"train/loss": 0.01366416967958328, "_timestamp": 1716577208.4863951, "train/recon_loss": 0.013639772393561995, "train/embedding_loss": 2.4397184328866593e-05, "train/grad_penalty": 9.221943317036483e-12, "val/AUC": 0.6674989999999998, "val/AP": 0.6630674635480702, "val/normal_score": 0.017063774168491364, "val/abnormal_score": 0.024044325575232506, "_runtime": 667.5870611667633, "_step": 250, "_wandb": {"runtime": 666}}