{"train/loss": 0.010862283527851105, "_timestamp": 1715976725.713141, "train/recon_loss": 0.01075894271582365, "train/embedding_loss": 0.0001033405894995667, "train/grad_penalty": 8.445365205778099e-13, "val/AUC": 0.8637972222222221, "val/AP": 0.7733652159959759, "val/normal_score": 0.018114250153303146, "val/abnormal_score": 0.04322842136025429, "_runtime": 379.8604860305786, "_step": 600, "_wandb": {"runtime": 378}}