{"train/loss": 0.02151788691055369, "train/recon_loss": 0.013538215170565812, "train/kl_loss": 1.5959344020108996, "train/embedding": 0.0, "traing/grad": 0.0, "_timestamp": 1716640495.313447, "val/AUC": 0.719375, "val/AP": 0.6983024480695469, "val/normal_score": 5.596407936536707e-05, "val/abnormal_score": 7.11151078576222e-05, "_runtime": 578.912339925766, "_step": 250, "_wandb": {"runtime": 578}}