{"train/loss": 0.07554196627260004, "_timestamp": 1715989591.0957315, "train/recon_loss": 0.07554196627260004, "train/embedding_loss": 0.0, "train/grad_penalty": 0.0, "val/AUC": 0.3658187331536388, "val/AP": 0.4015083057207365, "val/normal_score": 0.12585146725177765, "val/abnormal_score": 0.10224975645542145, "_runtime": 753.8704574108124, "_step": 250, "_wandb": {"runtime": 753}}