{"train/loss": 0.0039624154890577, "_timestamp": 1716563678.4686832, "train/recon_loss": 0.003952494295934836, "train/embedding_loss": 9.921121478934461e-06, "train/grad_penalty": 1.1815786636152718e-12, "val/AUC": 0.756305485152519, "val/AP": 0.7474385958557754, "val/normal_score": 3.364321673871018e-05, "val/abnormal_score": 4.806425567949191e-05, "_runtime": 275.93428230285645, "_step": 250, "_wandb": {"runtime": 274}}