{"train/loss": 0.0041694269627332685, "_timestamp": 1716539184.311253, "train/recon_loss": 0.004163592949509621, "train/embedding_loss": 5.833982962940354e-06, "train/grad_penalty": 4.890246358899008e-13, "val/AUC": 0.36488999999999994, "val/AP": 0.41208037684648113, "val/normal_score": 0.003973855637013912, "val/abnormal_score": 0.003278127172961831, "_runtime": 655.17333817482, "_step": 250, "_wandb": {"runtime": 654}}