{"train/loss": 0.003384879960368077, "_timestamp": 1716120306.7030315, "train/recon_loss": 0.003302268219490846, "train/embedding_loss": 8.261166965045656e-05, "train/grad_penalty": 1.1213158908340847e-12, "val/AUC": 0.7966067679152711, "val/AP": 0.7564376039597794, "val/normal_score": 0.0037592588923871517, "val/abnormal_score": 0.006586173083633184, "_runtime": 236.36633849143982, "_step": 250, "_wandb": {"runtime": 235}}