{"train/loss": 0.0038542560152709485, "_timestamp": 1716539885.1002457, "train/recon_loss": 0.0038435341976583003, "train/embedding_loss": 1.072182831558166e-05, "train/grad_penalty": 1.9522333359264787e-13, "val/AUC": 0.36770899999999995, "val/AP": 0.41384015960497567, "val/normal_score": 0.003891467582434416, "val/abnormal_score": 0.003209692193195224, "_runtime": 664.8696866035461, "_step": 250, "_wandb": {"runtime": 664}}