{"train/loss": 0.011509232498705387, "_timestamp": 1715970617.5192297, "train/recon_loss": 0.011488223411142827, "train/embedding_loss": 2.100907068233937e-05, "train/grad_penalty": 2.2791977832836706e-11, "val/AUC": 0.5596140000000001, "val/AP": 0.5976733539543431, "val/normal_score": 0.013882079161703587, "val/abnormal_score": 0.01684768870472908, "_runtime": 542.6564056873322, "_step": 250, "_wandb": {"runtime": 541}}