{"train/loss": 0.029683380306223653, "train/recon_loss": 0.020235691435288777, "train/kl_loss": 1.2774232404630113, "train/embedding": 0.0030605734791606665, "traing/grad": 5.026017715079392e-14, "_timestamp": 1716600954.0821545, "val/AUC": 0.657345, "val/AP": 0.6500074196619656, "val/normal_score": 0.022008605301380157, "val/abnormal_score": 0.02874690853059292, "_runtime": 556.0202105045319, "_step": 250, "_wandb": {"runtime": 555}}