{"train/loss": 0.009039827980101108, "_timestamp": 1716115038.0155027, "train/recon_loss": 0.008908899188041688, "train/embedding_loss": 0.00013092873676214366, "train/grad_penalty": 2.0518872337338402e-11, "val/AUC": 0.56316, "val/AP": 0.6023098480981436, "val/normal_score": 0.013385573402047157, "val/abnormal_score": 0.016520490869879723, "_runtime": 554.921309709549, "_step": 250, "_wandb": {"runtime": 554}}