{"train/loss": 0.021285173932288227, "train/recon_loss": 0.013272375742883319, "train/kl_loss": 1.6025596695483675, "_timestamp": 1715105529.8596075, "val/AUC": 0.6836895000000001, "val/AP": 0.6739641814702996, "val/normal_score": 0.02001209557056427, "val/abnormal_score": 0.02776208519935608, "_runtime": 288.71020436286926, "_step": 250, "_wandb": {"runtime": 287}}