{"train/loss": 0.011030256879128687, "train/recon_loss": 0.007977538110479993, "train/kl_loss": 0.4190324069952008, "train/embedding": 0.0009575567673891783, "traing/grad": 4.135664199474013e-15, "_timestamp": 1716658134.7247436, "val/AUC": 0.7693075519050878, "val/AP": 0.8733944036818825, "val/PixAUC": 0.9101444480529243, "val/PixAP": 0.37887722631072096, "val/BestDice": 0.4211435331911329, "val/BestThresh": 0.00014926420408301055, "val/normal_score": 2.645894892339129e-05, "val/abnormal_score": 3.613371154642664e-05, "_runtime": 953.7852795124054, "_step": 250, "_wandb": {"runtime": 952}}