{"train/loss": 0.0026571724582746593, "_timestamp": 1715889786.5237648, "val/AUC": 0.8275711990000892, "val/AP": 0.9203601636763978, "val/PixAUC": 0.9008196898588106, "val/PixAP": 0.26643513595855345, "val/BestDice": 0.34258771449486713, "val/BestThresh": 0.06784066557884216, "val/normal_score": 0.005953731015324593, "val/abnormal_score": 0.014045370742678642, "_runtime": 497.87433981895447, "_step": 250, "_wandb": {"runtime": 497}}