{"train/loss": 0.07690141499979691, "_timestamp": 1716571632.8327668, "train/recon_loss": 0.07667700205958865, "train/embedding_loss": 0.00022441339323959027, "train/grad_penalty": 1.1535878368248829e-11, "val/AUC": 0.4209139552047234, "val/AP": 0.4385177903412616, "val/normal_score": 7.181950059020892e-05, "val/abnormal_score": 6.556612788699567e-05, "_runtime": 864.3633577823639, "_step": 250, "_wandb": {"runtime": 863}}