{"train/loss": 0.07724488915512397, "_timestamp": 1716132687.5665247, "train/recon_loss": 0.07716717257064844, "train/embedding_loss": 7.771661522675235e-05, "train/grad_penalty": 2.2569112492136735e-11, "val/AUC": 0.35584408291618536, "val/AP": 0.39608625856905555, "val/normal_score": 0.127097949385643, "val/abnormal_score": 0.10110236704349518, "_runtime": 775.265656709671, "_step": 250, "_wandb": {"runtime": 774}}