{"train/loss": 0.011452994346618652, "train/recon_loss": 0.010826182447373867, "train/entro_loss": 3.134059638977051, "_timestamp": 1715118636.2281642, "val/AUC": 0.7947000000000001, "val/AP": 0.721406798469238, "val/normal_score": 0.0295315682888031, "val/abnormal_score": 0.04895921051502228, "_runtime": 214.76787209510803, "_step": 600, "_wandb": {"runtime": 213}}