{"train/loss": 0.010012423591574612, "_timestamp": 1716062190.6828153, "train/recon_loss": 0.009908971932221624, "train/embedding_loss": 0.00010345160111887596, "train/grad_penalty": 1.313649223121671e-12, "val/AUC": 0.6894229999999999, "val/AP": 0.6798642059663089, "val/normal_score": 0.017467793077230453, "val/abnormal_score": 0.02529992163181305, "_runtime": 535.2506113052368, "_step": 250, "_wandb": {"runtime": 534}}