{"train/loss": 0.010222678102013105, "_timestamp": 1715947242.8819635, "val/AUC": 0.679524, "val/AP": 0.6733560667666381, "val/normal_score": 0.017680732533335686, "val/abnormal_score": 0.025425881147384644, "_runtime": 557.352926492691, "_step": 250, "_wandb": {"runtime": 556}}