{"train/loss": 0.11791712245129543, "_timestamp": 1716202201.3764396, "train/recon_loss": 0.11791712245129543, "train/embedding_loss": 0.0985702498424951, "train/grad_penalty": 2.8682368662390096e-16, "val/AUC": 0.768996966031595, "val/AP": 0.651184377257532, "val/normal_score": 0.2000955045223236, "val/abnormal_score": 0.33380258083343506, "_runtime": 604.0931434631348, "_step": 250, "_wandb": {"runtime": 603}}