{"train/loss": 0.01075363177061081, "_timestamp": 1716070715.5608735, "train/recon_loss": 0.01065235686302185, "train/embedding_loss": 0.00010127489489968866, "train/grad_penalty": 1.0407125716760391e-12, "val/AUC": 0.8701055555555556, "val/AP": 0.7805747887429272, "val/normal_score": 0.018251197412610054, "val/abnormal_score": 0.044416870921850204, "_runtime": 381.7083353996277, "_step": 600, "_wandb": {"runtime": 380}}