{"train/loss": 0.028609109994681338, "_timestamp": 1716172796.1846044, "train/recon_loss": 0.02858939728666671, "train/embedding_loss": 1.971257438218891e-05, "train/grad_penalty": 1.201779494392408e-12, "val/AUC": 0.8061581803212015, "val/AP": 0.8929177072835877, "val/PixAUC": 0.911025949751727, "val/PixAP": 0.27848646904215585, "val/BestDice": 0.35579472831784587, "val/BestThresh": 0.23588086664676666, "val/normal_score": 0.03498567268252373, "val/abnormal_score": 0.05233346298336983, "_runtime": 809.6642673015594, "_step": 250, "_wandb": {"runtime": 808}}