{"train/loss": 0.011185289805478608, "train/recon_loss": 0.006615869619930128, "train/kl_loss": 0.9138840449736423, "_timestamp": 1715129374.6112235, "val/AUC": 0.7408958142912135, "val/AP": 0.6346499090167681, "val/normal_score": 0.008285441435873508, "val/abnormal_score": 0.015408660285174847, "_runtime": 459.55317640304565, "_step": 250, "_wandb": {"runtime": 458}}