{"train/loss": 0.0034881795955456064, "train/recon_loss": 0.0034518754461391383, "train/z_recon_loss": 3.630415812215316e-05, "_timestamp": 1715149643.4158797, "val/AUC": 0.8202671636461031, "val/AP": 0.9128898394367776, "val/PixAUC": 0.9226649911329431, "val/PixAP": 0.34907657870340913, "val/BestDice": 0.4078183631238868, "val/BestThresh": 0.06658899784088135, "val/normal_score": 0.00647561252117157, "val/abnormal_score": 0.014066612347960472, "_runtime": 568.5803546905518, "_step": 250, "_wandb": {"runtime": 567}}