{"train/loss": 0.21585288119016202, "_timestamp": 1716164466.9094393, "train/recon_loss": 0.21551951100616334, "train/embedding_loss": 0.00033337019186953094, "train/grad_penalty": 3.373578795554547e-12, "val/AUC": 0.35197984854319087, "val/AP": 0.39357634963878624, "val/normal_score": 0.27333587408065796, "val/abnormal_score": 0.24281054735183716, "_runtime": 770.7277102470398, "_step": 250, "_wandb": {"runtime": 769}}