{"train/loss": 0.010139475502073765, "_timestamp": 1715891426.7741845, "val/AUC": 0.8604805555555556, "val/AP": 0.7681547154958464, "val/normal_score": 0.019175589084625244, "val/abnormal_score": 0.043833084404468536, "_runtime": 191.99897742271423, "_step": 600, "_wandb": {"runtime": 191}}