{"train/loss": 0.03995462959198832, "_timestamp": 1716550937.0820694, "train/recon_loss": 0.039945211589523834, "train/embedding_loss": 9.418308924160218e-06, "train/grad_penalty": 3.4060583133386727e-13, "val/AUC": 0.2828889102810936, "val/AP": 0.36508481433547446, "val/normal_score": 0.04187948256731033, "val/abnormal_score": 0.029366550967097282, "_runtime": 916.4696714878082, "_step": 250, "_wandb": {"runtime": 915}}