{"train/loss": 0.014926944256084432, "train/recon_loss": 0.009771112636242849, "train/kl_loss": 0.7042621950530722, "train/embedding": 0.001634520827792585, "traing/grad": 4.9137681465796e-15, "_timestamp": 1716609255.195333, "val/AUC": 0.7243522030478339, "val/AP": 0.6183213831120923, "val/normal_score": 0.010353143326938152, "val/abnormal_score": 0.017659896984696388, "_runtime": 899.145859003067, "_step": 250, "_wandb": {"runtime": 898}}