{"train/loss": 0.018432366900906348, "_timestamp": 1716056762.7337039, "train/recon_loss": 0.018257114507105095, "train/embedding_loss": 0.00017525226539600024, "train/grad_penalty": 5.299199802944752e-13, "val/AUC": 0.6277685, "val/AP": 0.6300379330254899, "val/normal_score": 0.019626550376415253, "val/abnormal_score": 0.025049788877367973, "_runtime": 91.53588676452637, "_step": 40}