{"train/loss": 0.02199356582760811, "train/recon_loss": 0.014024957284331322, "train/kl_loss": 1.2473258123397828, "train/embedding": 0.0017319794278591871, "traing/grad": 6.785873403990228e-13, "_timestamp": 1716644904.1021383, "val/AUC": 0.5678110000000001, "val/AP": 0.5894460072190154, "val/normal_score": 4.941155930282548e-05, "val/abnormal_score": 5.358209091355093e-05, "_runtime": 597.3086762428284, "_step": 250, "_wandb": {"runtime": 596}}