{"train/loss": 0.06698742669820786, "_timestamp": 1716148390.4850101, "train/recon_loss": 0.06690673637390136, "train/embedding_loss": 8.068817114690319e-05, "train/grad_penalty": 2.147420938986011e-12, "val/AUC": 0.8085277777777777, "val/AP": 0.7279070759181215, "val/normal_score": 0.07815501093864441, "val/abnormal_score": 0.12150086462497711, "_runtime": 388.55107402801514, "_step": 600, "_wandb": {"runtime": 387}}