{"train/loss": 0.11869643299016021, "_timestamp": 1716200885.5585704, "train/recon_loss": 0.11869643299016021, "train/embedding_loss": 0.0, "train/grad_penalty": 0.0, "val/AUC": 0.7653956108712032, "val/AP": 0.6481263757049042, "val/normal_score": 0.2005484700202942, "val/abnormal_score": 0.33028897643089294, "_runtime": 607.0129404067993, "_step": 250, "_wandb": {"runtime": 606}}