{"train/loss": 0.008670558229088783, "_timestamp": 1716110301.5113163, "train/recon_loss": 0.008670558229088783, "train/embedding_loss": 0.0, "train/grad_penalty": 0.0, "val/AUC": 0.562853, "val/AP": 0.6042375339801626, "val/normal_score": 0.013151902705430984, "val/abnormal_score": 0.016286460682749748, "_runtime": 554.3125462532043, "_step": 250, "_wandb": {"runtime": 553}}