{"train/loss": 0.09991162943177596, "_timestamp": 1715145539.626218, "val/AUC": 0.8008690940293028, "val/AP": 0.8584582148758048, "val/PixAUC": 0.9330558384500605, "val/PixAP": 0.2657436633103267, "val/BestDice": 0.36569840882748644, "val/BestThresh": 0.6991384625434875, "val/normal_score": 0.161908358335495, "val/abnormal_score": 0.22307756543159485, "_runtime": 583.8466019630432, "_step": 250, "_wandb": {"runtime": 583}}