{"train/loss": 0.00874374606550391, "train/recon_loss": 0.005856961673941721, "train/kl_loss": 0.5773568905976685, "_timestamp": 1715154055.3737001, "val/AUC": 0.7531073614459027, "val/AP": 0.867919681308539, "val/PixAUC": 0.9194392341154856, "val/PixAP": 0.2826205305989665, "val/BestDice": 0.36462305947114404, "val/BestThresh": 9.498978033661842e-05, "val/normal_score": 1.4085696420806926e-05, "val/abnormal_score": 2.628117726999335e-05, "_runtime": 562.3553881645203, "_step": 250, "_wandb": {"runtime": 561}}