{"train/loss": 0.06706406581401825, "_timestamp": 1716145214.4389937, "train/recon_loss": 0.06678415703773498, "train/embedding_loss": 0.00027990818768739703, "train/grad_penalty": 6.935167821964239e-13, "val/AUC": 0.570238, "val/AP": 0.6047523508544699, "val/normal_score": 0.07773290574550629, "val/abnormal_score": 0.08509667962789536, "_runtime": 547.0526897907257, "_step": 250, "_wandb": {"runtime": 546}}