{"train/loss": 0.003266207273878674, "_timestamp": 1715124031.640893, "val/AUC": 0.742871633763708, "val/AP": 0.6307181551829514, "val/normal_score": 0.006228778976947069, "val/abnormal_score": 0.01287411991506815, "_runtime": 434.98441886901855, "_step": 250, "_wandb": {"runtime": 434}}