{"train/loss": 0.3994874869877437, "_timestamp": 1716260680.373494, "train/recon_loss": 0.3994874869877437, "train/embedding_loss": 0.002683024828574099, "train/grad_penalty": 6.37960193985952e-13, "val/AUC": 0.7517921319471185, "val/AP": 0.6632360849154019, "val/normal_score": 0.4890909492969513, "val/abnormal_score": 0.5803753137588501, "_runtime": 2597.9286069869995, "_step": 250, "_wandb": {"runtime": 2597}}