{"train/loss": 0.5054365448981711, "_timestamp": 1716209494.3126943, "train/recon_loss": 0.5054365448981711, "train/embedding_loss": 0.017281689815832384, "train/grad_penalty": 7.49184102329502e-15, "val/AUC": 0.37076955782312926, "val/AP": 0.40699228095148743, "val/normal_score": 0.8686256408691406, "val/abnormal_score": 0.8435900807380676, "_runtime": 624.1702423095703, "_step": 250, "_wandb": {"runtime": 623}}