{"train/loss": 0.010085223939620932, "_timestamp": 1715890176.0266407, "val/AUC": 0.68117, "val/AP": 0.6729719377065904, "val/normal_score": 0.01713039167225361, "val/abnormal_score": 0.024600688368082047, "_runtime": 268.13801860809326, "_step": 250, "_wandb": {"runtime": 267}}