{"train/loss": 0.010798920467495919, "_timestamp": 1716112079.8638208, "train/recon_loss": 0.010764925599098205, "train/embedding_loss": 3.3994754368904976e-05, "train/grad_penalty": 7.065397170102905e-12, "val/AUC": 0.556223, "val/AP": 0.5962440344705986, "val/normal_score": 0.01372999045997858, "val/abnormal_score": 0.016629695892333984, "_runtime": 559.6732387542725, "_step": 250, "_wandb": {"runtime": 558}}