{"train/loss": 0.12986446464061738, "_timestamp": 1716196539.0309541, "train/recon_loss": 0.12986446464061738, "train/embedding_loss": 0.0222345085889101, "train/grad_penalty": 1.2592887073826359e-15, "val/AUC": 0.9270472222222221, "val/AP": 0.8602047905399521, "val/normal_score": 0.19970732927322388, "val/abnormal_score": 0.6374751329421997, "_runtime": 309.8195641040802, "_step": 600, "_wandb": {"runtime": 309}}