{"train/loss": 0.12309356045722962, "_timestamp": 1715116405.4399424, "val/AUC": 0.9301611111111111, "val/AP": 0.860631615076344, "val/normal_score": 0.18960966169834137, "val/abnormal_score": 0.6282585859298706, "_runtime": 257.63908338546753, "_step": 600, "_wandb": {"runtime": 256}}