{"train/loss": 0.0129807542625479, "_timestamp": 1715957643.355747, "val/AUC": 0.659634, "val/AP": 0.6581464594439186, "val/normal_score": 0.01736360229551792, "val/abnormal_score": 0.023954816162586212, "_runtime": 294.33269000053406, "_step": 134}