{"_wandb": {"runtime": 5}, "train/loss": 489.523891665482, "_timestamp": 1715884108.146205, "_runtime": 6.302024841308594, "_step": 1}