{"train/loss": 0.003377108373328499, "_timestamp": 1715981590.6245644, "train/recon_loss": 0.003377108373328499, "train/embedding_loss": 0.0, "train/grad_penalty": 0.0, "val/AUC": 0.7514225717762489, "val/AP": 0.6369085058620828, "val/normal_score": 0.006134518887847662, "val/abnormal_score": 0.012967132963240147, "_runtime": 852.5586433410645, "_step": 250, "_wandb": {"runtime": 851}}