{"train/loss": 0.09944131504722174, "_timestamp": 1716214256.2699723, "train/recon_loss": 0.09944131504722174, "train/embedding_loss": 0.07393001636206693, "train/grad_penalty": 6.41145601922412e-17, "val/AUC": 0.7989527224751758, "val/AP": 0.8583394030424841, "val/PixAUC": 0.929963388474221, "val/PixAP": 0.2595891142046315, "val/BestDice": 0.35951675704409636, "val/BestThresh": 0.7041122317314148, "val/normal_score": 0.16627052426338196, "val/abnormal_score": 0.22693848609924316, "_runtime": 644.8876993656158, "_step": 250, "_wandb": {"runtime": 644}}