{"train/loss": 0.010307786007722218, "train/recon_loss": 0.006513333354145288, "train/kl_loss": 0.7588905227979025, "_timestamp": 1715122015.0647395, "val/AUC": 0.8097795265773786, "val/AP": 0.7830797215136811, "val/normal_score": 0.0061368499882519245, "val/abnormal_score": 0.010724888183176517, "_runtime": 129.07135438919067, "_step": 250, "_wandb": {"runtime": 128}}