{"train/loss": 0.010111866255734098, "_timestamp": 1715937878.7993722, "val/AUC": 0.6749350000000001, "val/AP": 0.6667928581469518, "val/normal_score": 0.01734386757016182, "val/abnormal_score": 0.024559684097766876, "_runtime": 540.7202351093292, "_step": 250, "_wandb": {"runtime": 539}}