{"train/loss": 0.024043890818953514, "train/recon_loss": 0.015549088202416897, "train/kl_loss": 1.3471570062637328, "train/embedding": 0.0017590179340913892, "traing/grad": 3.303878980294439e-13, "_timestamp": 1716606257.6950998, "val/AUC": 0.8352027777777777, "val/AP": 0.752346637648845, "val/normal_score": 0.02304268255829811, "val/abnormal_score": 0.04516390338540077, "_runtime": 394.0879137516022, "_step": 600, "_wandb": {"runtime": 393}}