{"train/loss": 0.021508126550817668, "train/recon_loss": 0.01354476411047461, "train/kl_loss": 1.5926725379648656, "train/embedding": 0.0, "traing/grad": 0.0, "_timestamp": 1716621306.9244766, "val/AUC": 0.684756, "val/AP": 0.6747780089036348, "val/normal_score": 2.9574453947134316e-05, "val/abnormal_score": 4.32309607276693e-05, "_runtime": 571.0226106643677, "_step": 250, "_wandb": {"runtime": 570}}