{"train/loss": 0.003129805587232113, "_timestamp": 1715980690.1723216, "train/recon_loss": 0.0030292456075549125, "train/embedding_loss": 0.00010055998902923118, "train/grad_penalty": 2.1313196800025005e-11, "val/AUC": 0.7979401600374627, "val/AP": 0.7646573052052554, "val/normal_score": 0.003838663687929511, "val/abnormal_score": 0.006776194088160992, "_runtime": 231.72242546081543, "_step": 250, "_wandb": {"runtime": 230}}