{"train/loss": 0.005092398174757125, "_timestamp": 1716076596.3623915, "train/recon_loss": 0.005089156983224404, "train/embedding_loss": 3.241191719842433e-06, "train/grad_penalty": 6.663957653676393e-12, "val/AUC": 0.7454002448337702, "val/AP": 0.6293330543440873, "val/normal_score": 0.005771823693066835, "val/abnormal_score": 0.011412858963012695, "_runtime": 876.7999684810638, "_step": 250, "_wandb": {"runtime": 876}}