{"train/loss": 0.038723472078641255, "_timestamp": 1716152610.9523773, "train/recon_loss": 0.03835170910755793, "train/embedding_loss": 0.0003717632481517891, "train/grad_penalty": 2.1572302552503678e-13, "val/AUC": 0.763314536102694, "val/AP": 0.7407967459243848, "val/normal_score": 0.04414960741996765, "val/abnormal_score": 0.05622703954577446, "_runtime": 238.99452328681946, "_step": 250, "_wandb": {"runtime": 238}}