{"_wandb": {"runtime": 5}, "train/loss": 906.0701469723954, "_timestamp": 1715883997.0213292, "_runtime": 6.341100215911865, "_step": 1}