{"train/loss": 0.11003360545765237, "_timestamp": 1716190744.8158045, "train/recon_loss": 0.11003360545765237, "train/embedding_loss": 0.009235670364681188, "train/grad_penalty": 6.386824661201418e-15, "val/AUC": 0.8010630000000001, "val/AP": 0.7793648270614806, "val/normal_score": 0.17552170157432556, "val/abnormal_score": 0.2571429908275604, "_runtime": 395.7910575866699, "_step": 250, "_wandb": {"runtime": 394}}