{"train/loss": 0.1099190391006175, "_timestamp": 1716189875.9171925, "train/recon_loss": 0.1099190391006175, "train/embedding_loss": 0.04651792060223006, "train/grad_penalty": 3.2489410955422796e-15, "val/AUC": 0.8103659999999999, "val/AP": 0.7910553989636224, "val/normal_score": 0.17417702078819275, "val/abnormal_score": 0.2594100534915924, "_runtime": 394.97560143470764, "_step": 250, "_wandb": {"runtime": 394}}