{"_wandb": {"runtime": 5}, "train/loss": 612.3553334084182, "_timestamp": 1715884446.1207418, "_runtime": 6.678719758987427, "_step": 1}