{"train/loss": 0.010726972661912441, "_timestamp": 1716117482.2194479, "train/recon_loss": 0.010621193788945675, "train/embedding_loss": 0.00010577897791517899, "train/grad_penalty": 5.09612391175196e-12, "val/AUC": 0.8695722222222223, "val/AP": 0.77842616244395, "val/normal_score": 0.018444368615746498, "val/abnormal_score": 0.04429043456912041, "_runtime": 382.7111358642578, "_step": 600, "_wandb": {"runtime": 381}}