{"train/g_loss": 1.0750346597035725, "train/adv_loss": 0.6702762064933777, "train/recon_loss": 0.008020865748325983, "train/enc_loss": 0.003715169395009677, "train/d_loss": 0.0803713277777036, "_timestamp": 1716728364.7920954, "val/AUC": 0.6892572990675377, "val/AP": 0.6405443716618793, "_runtime": 250.86514139175415, "_step": 250, "_wandb": {"runtime": 249}}