{"train/loss": 0.010015766388586483, "_timestamp": 1716109135.7762089, "train/recon_loss": 0.009912014770329046, "train/embedding_loss": 0.0001037517338282123, "train/grad_penalty": 2.6759745347213583e-12, "val/AUC": 0.6941470000000001, "val/AP": 0.6814243614349005, "val/normal_score": 0.01744052767753601, "val/abnormal_score": 0.0254351906478405, "_runtime": 537.2574079036713, "_step": 250, "_wandb": {"runtime": 536}}