{"train/loss": 0.004451639931255297, "_timestamp": 1716595182.5721984, "train/recon_loss": 0.004450944350287938, "train/embedding_loss": 6.956355656188824e-07, "train/grad_penalty": 8.577060103523817e-12, "val/AUC": 0.819938571952901, "val/AP": 0.9169454546702291, "val/PixAUC": 0.9275850002466993, "val/PixAP": 0.37734994550061735, "val/BestDice": 0.43477059387386763, "val/BestThresh": 0.0736054852604866, "val/normal_score": 0.006571302190423012, "val/abnormal_score": 0.013708377256989479, "_runtime": 941.2143573760986, "_step": 250, "_wandb": {"runtime": 940}}