{"train/loss": 0.07727370696997493, "_timestamp": 1716590221.6693156, "train/recon_loss": 0.07727370696997493, "train/embedding_loss": 0.0, "train/grad_penalty": 0.0, "val/AUC": 0.3637811256578103, "val/AP": 0.4009154339674054, "val/normal_score": 0.12249051779508591, "val/abnormal_score": 0.0993557944893837, "_runtime": 949.7015836238861, "_step": 250, "_wandb": {"runtime": 948}}