{"train/loss": 0.003550203490650228, "train/recon_loss": 0.0035178974311514837, "train/z_recon_loss": 3.230607109215586e-05, "_timestamp": 1716676552.2476742, "val/AUC": 0.814873300002976, "val/AP": 0.9005817366386866, "val/PixAUC": 0.9187186328670228, "val/PixAP": 0.34802334800185536, "val/BestDice": 0.4098036869304324, "val/BestThresh": 0.07395155727863312, "val/normal_score": 0.006546368356794119, "val/abnormal_score": 0.013820515014231205, "_runtime": 860.6749682426453, "_step": 250, "_wandb": {"runtime": 859}}