{"train/loss": 0.010806483797729015, "_timestamp": 1716115856.12466, "train/recon_loss": 0.010793181829154492, "train/embedding_loss": 1.3301926512212958e-05, "train/grad_penalty": 1.6183583806395063e-11, "val/AUC": 0.871688888888889, "val/AP": 0.7826329037358064, "val/normal_score": 0.01807098463177681, "val/abnormal_score": 0.04427097365260124, "_runtime": 382.2194330692291, "_step": 600, "_wandb": {"runtime": 381}}