{"train/loss": 0.011101286418563745, "train/recon_loss": 0.0065388770478150456, "train/kl_loss": 0.9124818997717365, "train/embedding": 0.0, "traing/grad": 0.0, "_timestamp": 1716648901.5592403, "val/AUC": 0.7488921363114753, "val/AP": 0.6440254579032677, "val/normal_score": 2.8337099138298072e-05, "val/abnormal_score": 4.21270051447209e-05, "_runtime": 914.9254612922668, "_step": 250, "_wandb": {"runtime": 914}}