{"train/loss": 0.07621829914596845, "_timestamp": 1715140982.1550164, "val/AUC": 0.35871839301758435, "val/AP": 0.3974154553300867, "val/normal_score": 0.12059293687343597, "val/abnormal_score": 0.09648284316062927, "_runtime": 631.144793510437, "_step": 250, "_wandb": {"runtime": 630}}