{"train/loss": 0.07654466025484433, "_timestamp": 1716135952.0355482, "train/recon_loss": 0.07636571375641434, "train/embedding_loss": 0.0001789457902367924, "train/grad_penalty": 5.914227272008985e-12, "val/AUC": 0.36948722885380564, "val/AP": 0.4042419864667075, "val/normal_score": 0.12509898841381073, "val/abnormal_score": 0.1027131974697113, "_runtime": 770.2967171669006, "_step": 250, "_wandb": {"runtime": 769}}