{"train/loss": 0.013419732294727134, "_timestamp": 1715965560.6362796, "train/recon_loss": 0.013394596398561628, "train/embedding_loss": 2.5135870504576353e-05, "train/grad_penalty": 1.9892259065324363e-11, "val/AUC": 0.6893579999999999, "val/AP": 0.6782453051934711, "val/normal_score": 0.017349129542708397, "val/abnormal_score": 0.025476474314928055, "_runtime": 525.1969707012177, "_step": 250, "_wandb": {"runtime": 524}}