{"train/loss": 0.004827310102189614, "_timestamp": 1716078449.195279, "train/recon_loss": 0.004820181772885129, "train/embedding_loss": 7.128321684737189e-06, "train/grad_penalty": 4.15491787639824e-12, "val/AUC": 0.7414358351258011, "val/AP": 0.6240044462535961, "val/normal_score": 0.0057853274047374725, "val/abnormal_score": 0.011537311598658562, "_runtime": 878.4669737815857, "_step": 250, "_wandb": {"runtime": 877}}