{"train/loss": 0.008774922192096711, "_timestamp": 1715972350.57411, "train/recon_loss": 0.008680159576237202, "train/embedding_loss": 9.476249653380364e-05, "train/grad_penalty": 2.423326079734056e-12, "val/AUC": 0.563449, "val/AP": 0.6016236661196216, "val/normal_score": 0.01355819683521986, "val/abnormal_score": 0.01671759784221649, "_runtime": 541.3822269439697, "_step": 250, "_wandb": {"runtime": 540}}