{"train/loss": 0.12755361104011537, "_timestamp": 1716198216.680688, "train/recon_loss": 0.12755361104011537, "train/embedding_loss": 0.0953140926361084, "train/grad_penalty": 2.839827060573813e-15, "val/AUC": 0.9279333333333334, "val/AP": 0.85752771303709, "val/normal_score": 0.1993125081062317, "val/abnormal_score": 0.6437285542488098, "_runtime": 310.27063179016113, "_step": 600, "_wandb": {"runtime": 309}}