{"train/loss": 0.0763681744160892, "_timestamp": 1715995977.2507818, "train/recon_loss": 0.07612217494151877, "train/embedding_loss": 0.0002459989472236719, "train/grad_penalty": 6.467581942575756e-11, "val/AUC": 0.3636760364523168, "val/AP": 0.4011914843564175, "val/normal_score": 0.1251244693994522, "val/abnormal_score": 0.1014687791466713, "_runtime": 753.2113258838654, "_step": 250, "_wandb": {"runtime": 752}}