{"train/loss": 0.003973600288232167, "_timestamp": 1716119234.9972026, "train/recon_loss": 0.003963832152386507, "train/embedding_loss": 9.768155667795024e-06, "train/grad_penalty": 1.2429603122217821e-12, "val/AUC": 0.7838505992662543, "val/AP": 0.7534828245737256, "val/normal_score": 0.004525173921138048, "val/abnormal_score": 0.007510053459554911, "_runtime": 237.8502175807953, "_step": 250, "_wandb": {"runtime": 237}}