{"train/loss": 0.5008451211377509, "_timestamp": 1716208152.893676, "train/recon_loss": 0.5008451211377509, "train/embedding_loss": 0.15897919931126842, "train/grad_penalty": 1.3742140981698586e-15, "val/AUC": 0.37651336477987424, "val/AP": 0.4080538524564382, "val/normal_score": 0.867172122001648, "val/abnormal_score": 0.8428437113761902, "_runtime": 630.0658049583435, "_step": 250, "_wandb": {"runtime": 629}}