{"train/loss": 0.08280824049838684, "_timestamp": 1716131054.756029, "train/recon_loss": 0.08276096689251233, "train/embedding_loss": 4.727362864046744e-05, "train/grad_penalty": 5.067125549514988e-11, "val/AUC": 0.35238897445770767, "val/AP": 0.395373234574741, "val/normal_score": 0.12259776145219803, "val/abnormal_score": 0.0974377989768982, "_runtime": 772.6042609214783, "_step": 250, "_wandb": {"runtime": 771}}