{"train/loss": 0.1754582970688658, "_timestamp": 1715546567.4351, "val/AUC": 0.6285097312739933, "val/AP": 0.802333392926128, "val/PixAUC": 0.8492617682943179, "val/PixAP": 0.1680211201534356, "val/BestDice": 0.24949919614879562, "val/BestThresh": 0.20789960026741028, "val/normal_score": 0.04406217858195305, "val/abnormal_score": 0.06217172369360924, "_runtime": 191.3125901222229, "_step": 98, "_wandb": {"runtime": 191}}