{"train/loss": 0.0405507319190967, "_timestamp": 1716549018.2487137, "train/recon_loss": 0.0405507319190967, "train/embedding_loss": 0.0, "train/grad_penalty": 0.0, "val/AUC": 0.27429726607624183, "val/AP": 0.36229009888223773, "val/normal_score": 0.045900363475084305, "val/abnormal_score": 0.030883388593792915, "_runtime": 915.1187736988068, "_step": 250, "_wandb": {"runtime": 914}}