{"train/loss": 0.01009049300821191, "_timestamp": 1716107988.924831, "train/recon_loss": 0.009967506976115707, "train/embedding_loss": 0.00012298619432492852, "train/grad_penalty": 5.835260136538695e-12, "val/AUC": 0.695901, "val/AP": 0.6829940359268811, "val/normal_score": 0.017457593232393265, "val/abnormal_score": 0.025458911433815956, "_runtime": 537.6750028133392, "_step": 250, "_wandb": {"runtime": 536}}