{"train/loss": 0.0030096660393467817, "_timestamp": 1716002698.4184613, "train/recon_loss": 0.0029855668556380407, "train/embedding_loss": 2.4099202193232437e-05, "train/grad_penalty": 7.819824648229556e-13, "val/AUC": 0.825639947822119, "val/AP": 0.919464493743517, "val/PixAUC": 0.9107237698873611, "val/PixAP": 0.3331748380949486, "val/BestDice": 0.3908200539604956, "val/BestThresh": 0.07264597713947296, "val/normal_score": 0.005938113667070866, "val/abnormal_score": 0.013722282834351063, "_runtime": 785.8792502880096, "_step": 250, "_wandb": {"runtime": 785}}