{"train/loss": 0.09340296057785082, "train/recon_loss": 0.0841035563147293, "train/kl_loss": 1.8598809564638439, "_timestamp": 1715143270.6068597, "val/AUC": 0.42667902066486973, "val/AP": 0.43864748539836784, "val/normal_score": 5.750053605879657e-05, "val/abnormal_score": 5.1967657782370225e-05, "_runtime": 463.27652859687805, "_step": 250, "_wandb": {"runtime": 462}}