{"train/loss": 0.010591344118118287, "_timestamp": 1715975073.450284, "train/recon_loss": 0.010591344118118287, "train/embedding_loss": 0.0, "train/grad_penalty": 0.0, "val/AUC": 0.8628916666666666, "val/AP": 0.7735286531934484, "val/normal_score": 0.018031850457191467, "val/abnormal_score": 0.04331154003739357, "_runtime": 380.8417999744415, "_step": 600, "_wandb": {"runtime": 379}}