{"train/loss": 0.011476649458209674, "train/recon_loss": 0.007294842119018236, "train/kl_loss": 0.6612196618715922, "train/embedding": 0.0008757088799029589, "traing/grad": 1.0125498258860971e-13, "_timestamp": 1716628852.0859792, "val/AUC": 0.8209940080976585, "val/AP": 0.790407399400427, "val/normal_score": 1.2686850823229179e-05, "val/abnormal_score": 2.7946125555899926e-05, "_runtime": 259.99886417388916, "_step": 250, "_wandb": {"runtime": 259}}