{"train/loss": 0.010020673523604544, "_timestamp": 1716058079.3071406, "train/recon_loss": 0.009917222380336307, "train/embedding_loss": 0.0001034511325744125, "train/grad_penalty": 2.778383486016507e-12, "val/AUC": 0.6973199999999999, "val/AP": 0.6830106191402487, "val/normal_score": 0.017272839322686195, "val/abnormal_score": 0.025274118408560753, "_runtime": 537.0344116687775, "_step": 250, "_wandb": {"runtime": 536}}