{"train/loss": 0.06712706971168518, "_timestamp": 1716146971.9025297, "train/recon_loss": 0.06684244775772094, "train/embedding_loss": 0.0002846207993570715, "train/grad_penalty": 1.3419263235336931e-12, "val/AUC": 0.572465, "val/AP": 0.6040850932203886, "val/normal_score": 0.07789535820484161, "val/abnormal_score": 0.08524183928966522, "_runtime": 546.5852108001709, "_step": 250, "_wandb": {"runtime": 545}}