{"train/loss": 0.09169000583999562, "train/recon_loss": 0.08218694482959292, "train/kl_loss": 1.9006122365687628, "train/embedding": 0.0, "traing/grad": 0.0, "_timestamp": 1716652659.3373156, "val/AUC": 0.43057774996791165, "val/AP": 0.43713531259599014, "val/normal_score": 6.17150217294693e-05, "val/abnormal_score": 5.544585656025447e-05, "_runtime": 815.4592235088348, "_step": 250, "_wandb": {"runtime": 814}}