{"train/loss": -3.548711666554687, "train/recon_loss": 0.04818264987187894, "train/log_var": -4.551085768559007, "_timestamp": 1716766734.6981597, "val/AUC": 0.7973165838367605, "val/AP": 0.8716269509659964, "val/PixAUC": 0.7782482049284405, "val/PixAP": 0.15377281990077857, "val/BestDice": 0.28386180911189535, "val/BestThresh": 3.7071406841278076, "val/normal_score": 1.362299919128418, "val/abnormal_score": 1.2766047716140747, "_runtime": 822.7238087654114, "_step": 250, "_wandb": {"runtime": 821}}