{"train/loss": 0.008561275199055671, "_timestamp": 1715114891.7341008, "val/AUC": 0.606755, "val/AP": 0.6294467871097259, "val/normal_score": 5.1298964535817504e-05, "val/abnormal_score": 5.9665577282430604e-05, "_runtime": 328.5901868343353, "_step": 250, "_wandb": {"runtime": 327}}