{"train/loss": 0.0021044916442284982, "_timestamp": 1716543088.7342145, "train/recon_loss": 0.0021008919198065995, "train/embedding_loss": 3.599734290522368e-06, "train/grad_penalty": 2.5212025609594456e-14, "val/AUC": 0.5381415524211635, "val/AP": 0.5430364984614608, "val/normal_score": 0.0015158239984884858, "val/abnormal_score": 0.0016217000083997846, "_runtime": 270.66108655929565, "_step": 250, "_wandb": {"runtime": 269}}