{"train/loss": 0.014952155543209278, "train/recon_loss": 0.009787068385866975, "train/kl_loss": 0.7052466663027058, "train/embedding": 0.001638854038901627, "traing/grad": 3.0047132198383593e-15, "_timestamp": 1716630778.1999114, "val/AUC": 0.678609154447783, "val/AP": 0.5867629326580823, "val/normal_score": 1.4561893294740003e-05, "val/abnormal_score": 2.6839394195121713e-05, "_runtime": 917.7618453502655, "_step": 250, "_wandb": {"runtime": 916}}