{"train/loss": 0.006809303695956866, "train/recon_loss": 0.006445215915640195, "train/z_recon_loss": 0.0003640878376706193, "_timestamp": 1716668018.0530639, "val/AUC": 0.7674363445898794, "val/AP": 0.7517546663692253, "val/normal_score": 0.0053445021621882915, "val/abnormal_score": 0.008832165040075779, "_runtime": 256.8275377750397, "_step": 250, "_wandb": {"runtime": 255}}