{"train/loss": 0.011190457662337044, "train/recon_loss": 0.008181410544399085, "train/kl_loss": 0.4127248150383427, "train/embedding": 0.0009454230312258005, "traing/grad": 4.1356836812317995e-15, "_timestamp": 1716657116.5497832, "val/AUC": 0.7736623218165045, "val/AP": 0.8755107392847866, "val/PixAUC": 0.9120853098414341, "val/PixAP": 0.3825366060602558, "val/BestDice": 0.42662930635324336, "val/BestThresh": 0.00015831149357836694, "val/normal_score": 2.653818592079915e-05, "val/abnormal_score": 3.640648355940357e-05, "_runtime": 901.7196991443634, "_step": 250, "_wandb": {"runtime": 900}}