{"_wandb": {"runtime": 6}, "train/loss": 0.18154384961652092, "_timestamp": 1715590333.5595784, "_runtime": 7.565573453903198, "_step": 1}