{"train/loss": 0.04257760961372669, "_timestamp": 1716156466.6322954, "train/recon_loss": 0.04234023165405019, "train/embedding_loss": 0.00023737772770747223, "train/grad_penalty": 1.0161854927422549e-12, "val/AUC": 0.7506216624979247, "val/AP": 0.6424773345820902, "val/normal_score": 0.04944463446736336, "val/abnormal_score": 0.07466991245746613, "_runtime": 875.7306053638458, "_step": 250, "_wandb": {"runtime": 874}}