{"train/loss": 0.07594099720506547, "_timestamp": 1715142765.215936, "val/AUC": 0.4186745924785008, "val/AP": 0.42772627468618024, "val/normal_score": 7.442418427672237e-05, "val/abnormal_score": 6.686512642772868e-05, "_runtime": 436.3982410430908, "_step": 250, "_wandb": {"runtime": 435}}