{"train/loss": 0.025038084000349046, "train/recon_loss": 0.0164010139554739, "train/kl_loss": 1.1929322490692138, "train/embedding": 0.002672408940270543, "traing/grad": 7.826481433423349e-14, "_timestamp": 1716645825.06993, "val/AUC": 0.7403805555555556, "val/AP": 0.6668191569641715, "val/normal_score": 0.00013325567124411464, "val/abnormal_score": 0.00018836244998965412, "_runtime": 432.842894077301, "_step": 600, "_wandb": {"runtime": 431}}