{"train/loss": 0.2133465826323947, "_timestamp": 1716165286.068107, "train/recon_loss": 0.2132228318625276, "train/embedding_loss": 0.00012375007457840812, "train/grad_penalty": 1.449585155134318e-11, "val/AUC": 0.34653366063406493, "val/AP": 0.3907305289674452, "val/normal_score": 0.27755236625671387, "val/abnormal_score": 0.24397259950637817, "_runtime": 776.75319480896, "_step": 250, "_wandb": {"runtime": 775}}