{"train/loss": 0.10473146529152115, "_timestamp": 1716213555.5399911, "train/recon_loss": 0.10473146529152115, "train/embedding_loss": 0.0014634803924729464, "train/grad_penalty": 2.6687715951196803e-15, "val/AUC": 0.7988324455157774, "val/AP": 0.8556454856855984, "val/PixAUC": 0.9322121293848077, "val/PixAP": 0.26447683617821727, "val/BestDice": 0.3652344195978821, "val/BestThresh": 0.7012997269630432, "val/normal_score": 0.16717958450317383, "val/abnormal_score": 0.22786617279052734, "_runtime": 649.19082903862, "_step": 250, "_wandb": {"runtime": 648}}