{"train/loss": 0.11635750662549939, "_timestamp": 1716188130.6568115, "train/recon_loss": 0.11635750662549939, "train/embedding_loss": 0.0024893305328379813, "train/grad_penalty": 2.908962760377401e-14, "val/AUC": 0.804511, "val/AP": 0.785203045593813, "val/normal_score": 0.1747826486825943, "val/abnormal_score": 0.2586677074432373, "_runtime": 410.13556957244873, "_step": 250, "_wandb": {"runtime": 409}}