{"train/loss": 0.3253279941495565, "_timestamp": 1716227877.3250427, "train/recon_loss": 0.3253279941495565, "train/embedding_loss": 0.0013923154906189577, "train/grad_penalty": 6.217649793711524e-13, "val/AUC": 0.874798, "val/AP": 0.851018748541457, "val/normal_score": 0.4020823836326599, "val/abnormal_score": 0.5070875287055969, "_runtime": 2015.2285656929016, "_step": 250, "_wandb": {"runtime": 2014}}