{"train/g_loss": 0.6727987904548645, "train/adv_loss": 0.11209194320440292, "train/recon_loss": 0.011119743704795838, "train/enc_loss": 0.004719669915735722, "train/d_loss": 0.4071875660419464, "_timestamp": 1716726165.5406454, "val/AUC": 0.8479777777777778, "val/AP": 0.7672564249459057, "_runtime": 390.42419624328613, "_step": 600, "_wandb": {"runtime": 389}}