{"train/loss": 0.31225375807792016, "_timestamp": 1715128362.0514946, "val/AUC": 0.6918287185269107, "val/AP": 0.5307588132833659, "val/normal_score": 0.42189323902130127, "val/abnormal_score": 0.4754297435283661, "_runtime": 3199.908611536026, "_step": 250, "_wandb": {"runtime": 3199}}