{"train/loss": 0.012881184731920561, "train/recon_loss": 0.008559152096509934, "train/kl_loss": 0.5858519689242045, "train/embedding": 0.0013927726540714502, "traing/grad": 1.1133582323761236e-14, "_timestamp": 1716607085.7969825, "val/AUC": 0.7818421488746748, "val/AP": 0.7482091988647598, "val/normal_score": 0.008295327425003052, "val/abnormal_score": 0.013519041240215302, "_runtime": 246.48840260505676, "_step": 250, "_wandb": {"runtime": 245}}