{"train/loss": 0.004839795129994552, "train/recon_loss": 0.004654258790115515, "train/z_recon_loss": 0.00018553636937091749, "_timestamp": 1716667444.5312102, "val/AUC": 0.7440997018492644, "val/AP": 0.7159227238285888, "val/normal_score": 0.004711498506367207, "val/abnormal_score": 0.007441018708050251, "_runtime": 259.21841526031494, "_step": 250, "_wandb": {"runtime": 258}}