{"train/loss": 0.01470122658338545, "train/recon_loss": 0.0094759207907828, "train/kl_loss": 0.715475778896181, "train/embedding": 0.0016479272162541747, "traing/grad": 6.932349303840268e-15, "_timestamp": 1716631742.6135764, "val/AUC": 0.6868317014122638, "val/AP": 0.5945511376914119, "val/normal_score": 1.5301364328479394e-05, "val/abnormal_score": 2.9164964871597476e-05, "_runtime": 913.9183723926544, "_step": 250, "_wandb": {"runtime": 913}}