{"train/loss": 0.11465922009944916, "_timestamp": 1716193858.5822554, "train/recon_loss": 0.11465922009944916, "train/embedding_loss": 0.05066629660129547, "train/grad_penalty": 1.2662786638207354e-14, "val/AUC": 0.554109, "val/AP": 0.5613645071686089, "val/normal_score": 0.17497187852859497, "val/abnormal_score": 0.1899874210357666, "_runtime": 407.4561083316803, "_step": 250, "_wandb": {"runtime": 406}}