{"train/loss": 0.011172658637098789, "train/recon_loss": 0.00821773506607219, "train/kl_loss": 0.4033489794395395, "train/embedding": 0.000938178738579154, "traing/grad": 3.3348934389416636e-15, "_timestamp": 1716637914.8406959, "val/AUC": 0.7370528673035146, "val/AP": 0.8656700573575433, "val/PixAUC": 0.9330748846887524, "val/PixAP": 0.33568745363634933, "val/BestDice": 0.4005395154736035, "val/BestThresh": 0.00011144891323056072, "val/normal_score": 1.3652472262037918e-05, "val/abnormal_score": 2.6291687390767038e-05, "_runtime": 851.930478811264, "_step": 250, "_wandb": {"runtime": 851}}