{"train/loss": 0.0032674768427421604, "_timestamp": 1716077520.3628635, "train/recon_loss": 0.0032286119019150133, "train/embedding_loss": 3.8864930262630266e-05, "train/grad_penalty": 9.585296059381686e-13, "val/AUC": 0.7407717554508352, "val/AP": 0.6316329949769397, "val/normal_score": 0.006221885792911053, "val/abnormal_score": 0.012853833846747875, "_runtime": 875.2380886077881, "_step": 250, "_wandb": {"runtime": 874}}