{"train/loss": 0.0030372475145189603, "_timestamp": 1716003541.312267, "train/recon_loss": 0.0030104508678771855, "train/embedding_loss": 2.6796634933029427e-05, "train/grad_penalty": 6.672788093039786e-12, "val/AUC": 0.8169775268081223, "val/AP": 0.9035370329384973, "val/PixAUC": 0.9058776005603344, "val/PixAP": 0.3095933236137438, "val/BestDice": 0.3730182718084168, "val/BestThresh": 0.07424364238977432, "val/normal_score": 0.00626752246171236, "val/abnormal_score": 0.013706471771001816, "_runtime": 788.4851710796356, "_step": 250, "_wandb": {"runtime": 787}}