{"train/loss": 0.003048267994696895, "_timestamp": 1715980164.072638, "train/recon_loss": 0.0029690038499732814, "train/embedding_loss": 7.926413898045818e-05, "train/grad_penalty": 1.5587822699281163e-12, "val/AUC": 0.79206532861198, "val/AP": 0.7609291572430836, "val/normal_score": 0.003914129454642534, "val/abnormal_score": 0.006659002508968115, "_runtime": 230.56077909469604, "_step": 250, "_wandb": {"runtime": 229}}