{"train/loss": 0.07640619023041155, "_timestamp": 1715992004.6964676, "train/recon_loss": 0.07632586078823737, "train/embedding_loss": 8.033003276228647e-05, "train/grad_penalty": 3.190364412206086e-11, "val/AUC": 0.3604295019894751, "val/AP": 0.39908320333179115, "val/normal_score": 0.126456618309021, "val/abnormal_score": 0.10134202986955643, "_runtime": 756.087456703186, "_step": 250, "_wandb": {"runtime": 755}}