{"train/loss": 0.0029812789651713655, "_timestamp": 1716575466.9794807, "train/recon_loss": 0.002954584380956351, "train/embedding_loss": 2.669461166140893e-05, "train/grad_penalty": 1.7698864222261692e-12, "val/AUC": 0.7864153994187026, "val/AP": 0.8762086097438897, "val/PixAUC": 0.8701762148874577, "val/PixAP": 0.28089182909477317, "val/BestDice": 0.36752106174121907, "val/BestThresh": 0.0001569071609992534, "val/normal_score": 3.0063121812418103e-05, "val/abnormal_score": 4.411870759213343e-05, "_runtime": 868.711178779602, "_step": 250, "_wandb": {"runtime": 867}}