{"_wandb": {"runtime": 5}, "train/loss": 675.3669352607301, "_timestamp": 1715882669.5964763, "_runtime": 6.504862308502197, "_step": 1}