{"train/loss": 0.09872848614324897, "_timestamp": 1716216357.4520278, "train/recon_loss": 0.09872848614324897, "train/embedding_loss": 0.03703545686985472, "train/grad_penalty": 3.715197801048892e-16, "val/AUC": 0.7983993864635103, "val/AP": 0.857029256378872, "val/PixAUC": 0.9290022023425685, "val/PixAP": 0.257761016742297, "val/BestDice": 0.3563784361918906, "val/BestThresh": 0.7046443223953247, "val/normal_score": 0.1665865182876587, "val/abnormal_score": 0.22763888537883759, "_runtime": 643.6436278820038, "_step": 250, "_wandb": {"runtime": 642}}