{"train/loss": -7.84920307418508, "train/recon_loss": 0.010353906689876546, "train/log_var": -8.437982164689577, "_timestamp": 1715152206.0480778, "val/AUC": 0.7647506671031357, "val/AP": 0.8524658024814092, "val/PixAUC": 0.7673482708471244, "val/PixAP": 0.12837778003773723, "val/BestDice": 0.22601303794434982, "val/BestThresh": 7.850103378295898, "val/normal_score": 6.262854099273682, "val/abnormal_score": 2.3877439498901367, "_runtime": 525.387265920639, "_step": 250, "_wandb": {"runtime": 524}}