{"train/loss": 0.0034370445149640243, "_timestamp": 1716583724.1895313, "train/recon_loss": 0.0034370445149640243, "train/embedding_loss": 0.0, "train/grad_penalty": 0.0, "val/AUC": 0.78777323515594, "val/AP": 0.7656576829449822, "val/normal_score": 0.004185993690043688, "val/abnormal_score": 0.0069051277823746204, "_runtime": 283.8987662792206, "_step": 250, "_wandb": {"runtime": 283}}