{"train/loss": 0.003895736372439362, "_timestamp": 1716093830.8512626, "train/recon_loss": 0.0038943018076879003, "train/embedding_loss": 1.4345640411281568e-06, "train/grad_penalty": 7.599248874861533e-12, "val/AUC": 0.8183991508694659, "val/AP": 0.9158967744172019, "val/PixAUC": 0.9186639963102914, "val/PixAP": 0.3421564518464935, "val/BestDice": 0.40387716153482695, "val/BestThresh": 0.07451201230287552, "val/normal_score": 0.006343496963381767, "val/abnormal_score": 0.013717472553253174, "_runtime": 809.314332485199, "_step": 250, "_wandb": {"runtime": 807}}