{"train/loss": 0.0771455762896148, "_timestamp": 1716136773.4168253, "train/recon_loss": 0.0769103521820884, "train/embedding_loss": 0.00023522383662280422, "train/grad_penalty": 4.2274999495111143e-11, "val/AUC": 0.36501171223206264, "val/AP": 0.40150251967239337, "val/normal_score": 0.12429545074701309, "val/abnormal_score": 0.10145485401153564, "_runtime": 775.8687431812286, "_step": 250, "_wandb": {"runtime": 775}}