{"train/loss": 0.0030307522136718036, "_timestamp": 1715980427.132026, "train/recon_loss": 0.0029516430937995513, "train/embedding_loss": 7.910917080395544e-05, "train/grad_penalty": 3.0736004574816176e-12, "val/AUC": 0.7924119801557195, "val/AP": 0.7600939943515058, "val/normal_score": 0.003819206263870001, "val/abnormal_score": 0.006569229532033205, "_runtime": 231.45371794700623, "_step": 250, "_wandb": {"runtime": 230}}