{"train/loss": 0.010174748497444123, "_timestamp": 1715968910.23266, "train/recon_loss": 0.010073165914710776, "train/embedding_loss": 0.00010158255316851062, "train/grad_penalty": 4.623463972101312e-12, "val/AUC": 0.683006, "val/AP": 0.6704092825438714, "val/normal_score": 0.017365410923957825, "val/abnormal_score": 0.024814419448375702, "_runtime": 522.0382969379425, "_step": 250, "_wandb": {"runtime": 521}}