{"train/loss": 0.0032112763890070114, "_timestamp": 1716127581.687335, "train/recon_loss": 0.003178063639259767, "train/embedding_loss": 3.321274605717793e-05, "train/grad_penalty": 4.604973307116384e-13, "val/AUC": 0.7413610349426318, "val/AP": 0.6290572679594123, "val/normal_score": 0.006180909927934408, "val/abnormal_score": 0.012649666517972946, "_runtime": 871.6163671016693, "_step": 250, "_wandb": {"runtime": 870}}