{"train/loss": 0.009567802384495736, "_timestamp": 1716542490.1908135, "train/recon_loss": 0.009430400490760804, "train/embedding_loss": 0.00013740195718128234, "train/grad_penalty": 8.039766172685676e-14, "val/AUC": 0.7176250000000001, "val/AP": 0.6316153752803348, "val/normal_score": 0.014149775728583336, "val/abnormal_score": 0.01992507465183735, "_runtime": 435.74579548835754, "_step": 600, "_wandb": {"runtime": 434}}