{"train/loss": 0.4012607133613442, "_timestamp": 1716258035.3997955, "train/recon_loss": 0.4012607133613442, "train/embedding_loss": 0.0007429047306097529, "train/grad_penalty": 2.031503955928872e-12, "val/AUC": 0.7524940636632012, "val/AP": 0.6666703204986529, "val/normal_score": 0.48638415336608887, "val/abnormal_score": 0.5786709785461426, "_runtime": 2599.7818446159363, "_step": 250, "_wandb": {"runtime": 2598}}