{"train/loss": 0.016367333263158798, "_timestamp": 1715890589.0397997, "val/AUC": 0.471962, "val/AP": 0.5036319882082212, "val/normal_score": 0.056872494518756866, "val/abnormal_score": 0.05608846992254257, "_runtime": 29.993391752243042, "_step": 23, "_wandb": {"runtime": 30}}