{"train/loss": 0.0682893483042717, "_timestamp": 1715116124.600679, "val/AUC": 0.8018361111111112, "val/AP": 0.7237388546999444, "val/normal_score": 0.07829885929822922, "val/abnormal_score": 0.12054068595170975, "_runtime": 193.79643893241882, "_step": 600, "_wandb": {"runtime": 192}}