{"train/loss": 0.003383994600850197, "_timestamp": 1715985198.6967678, "train/recon_loss": 0.003347782817537953, "train/embedding_loss": 3.6211766519486186e-05, "train/grad_penalty": 1.1847789301594994e-12, "val/AUC": 0.7518330605863238, "val/AP": 0.639043697135554, "val/normal_score": 0.006166302133351564, "val/abnormal_score": 0.013012891635298729, "_runtime": 851.1646308898926, "_step": 250, "_wandb": {"runtime": 850}}