{"train/loss": 0.010154179626047007, "_timestamp": 1715948994.935589, "val/AUC": 0.6824290000000001, "val/AP": 0.6719495331429349, "val/normal_score": 0.017395678907632828, "val/abnormal_score": 0.024888677522540092, "_runtime": 545.3319909572601, "_step": 250, "_wandb": {"runtime": 544}}