{"_wandb": {"runtime": 5}, "train/loss": 1147.708475406876, "_timestamp": 1715882378.5702567, "_runtime": 6.437941789627075, "_step": 1}