{"train/loss": 0.28019342104593914, "_timestamp": 1716242717.4559326, "train/recon_loss": 0.28019342104593914, "train/embedding_loss": 0.010304929154614607, "train/grad_penalty": 6.405718251840942e-14, "val/AUC": 0.8577284289235101, "val/AP": 0.8177263537691174, "val/normal_score": 0.3928152620792389, "val/abnormal_score": 0.497379332780838, "_runtime": 812.6882166862488, "_step": 250, "_wandb": {"runtime": 811}}