{"train/g_loss": 1.3106913715998332, "train/adv_loss": 0.7922552836736043, "train/recon_loss": 0.010179285377264024, "train/enc_loss": 0.00947183448324601, "train/d_loss": 0.12202440293567876, "_timestamp": 1715122826.4225686, "val/AUC": 0.7516865053723387, "val/AP": 0.7083889670779846, "_runtime": 236.20251965522766, "_step": 250, "_wandb": {"runtime": 235}}