{"train/loss": 0.012558061387292669, "train/recon_loss": 0.0074498513939885574, "train/kl_loss": 0.8069495901254289, "train/embedding": 0.0010734620736911893, "traing/grad": 8.935865556617545e-14, "_timestamp": 1716611153.8454523, "val/AUC": 0.7346344916415356, "val/AP": 0.628635109974627, "val/normal_score": 0.00902609620243311, "val/abnormal_score": 0.016011862084269524, "_runtime": 896.6225712299347, "_step": 250, "_wandb": {"runtime": 895}}