{"train/loss": 0.11810737645626068, "_timestamp": 1716192967.6955965, "train/recon_loss": 0.11810737645626068, "train/embedding_loss": 0.008261915184557439, "train/grad_penalty": 3.651765158709311e-14, "val/AUC": 0.543053, "val/AP": 0.5539882842781352, "val/normal_score": 0.1753055453300476, "val/abnormal_score": 0.1885947585105896, "_runtime": 410.5524263381958, "_step": 250, "_wandb": {"runtime": 409}}