{"train/loss": 0.1044239951473362, "train/recon_loss": 0.09439011574166375, "train/kl_loss": 1.3420451669573035, "train/embedding": 0.003323654178529978, "traing/grad": 1.1760821266512678e-12, "_timestamp": 1716613637.6538951, "val/AUC": 0.34834344115004495, "val/AP": 0.39559513715976685, "val/normal_score": 0.11617900431156158, "val/abnormal_score": 0.09250840544700623, "_runtime": 787.0556261539459, "_step": 250, "_wandb": {"runtime": 786}}