{"train/loss": 0.07637813865388714, "_timestamp": 1716130238.9142663, "train/recon_loss": 0.07637813865388714, "train/embedding_loss": 0.0, "train/grad_penalty": 0.0, "val/AUC": 0.3665679951225773, "val/AP": 0.40208813736196536, "val/normal_score": 0.12488511949777603, "val/abnormal_score": 0.10169917345046997, "_runtime": 771.155264377594, "_step": 250, "_wandb": {"runtime": 770}}