{"_wandb": {"runtime": 5}, "train/loss": 705.6081516081973, "_timestamp": 1715880610.556839, "_runtime": 6.4166200160980225, "_step": 1}