{"train/loss": 0.010949282817542552, "_timestamp": 1716582443.8770099, "train/recon_loss": 0.010934590809047223, "train/embedding_loss": 1.4692076736537274e-05, "train/grad_penalty": 1.7012019321027694e-11, "val/AUC": 0.8594416666666665, "val/AP": 0.769883750571559, "val/normal_score": 0.01792171224951744, "val/abnormal_score": 0.042015012353658676, "_runtime": 457.1285009384155, "_step": 600, "_wandb": {"runtime": 456}}