{"train/loss": 0.010245225687083935, "_timestamp": 1715106690.1771853, "val/AUC": 0.690962, "val/AP": 0.6826528855174148, "val/normal_score": 0.017220666632056236, "val/abnormal_score": 0.025452587753534317, "_runtime": 423.65909123420715, "_step": 250, "_wandb": {"runtime": 422}}