{"train/loss": 0.07249838089942932, "_timestamp": 1716143465.768603, "train/recon_loss": 0.07238640630245209, "train/embedding_loss": 0.00011197406757855788, "train/grad_penalty": 3.6902238452485306e-12, "val/AUC": 0.576653, "val/AP": 0.6111878018072322, "val/normal_score": 0.0790967121720314, "val/abnormal_score": 0.08687648922204971, "_runtime": 547.6509821414948, "_step": 250, "_wandb": {"runtime": 546}}