{"train/loss": 0.07675561219828683, "_timestamp": 1716134317.899741, "train/recon_loss": 0.07652994503015242, "train/embedding_loss": 0.0002256663210115999, "train/grad_penalty": 1.1524571304254781e-11, "val/AUC": 0.36323321781542806, "val/AP": 0.40110779259015683, "val/normal_score": 0.1241951510310173, "val/abnormal_score": 0.10119176656007767, "_runtime": 774.9765410423279, "_step": 250, "_wandb": {"runtime": 774}}