{"_wandb": {"runtime": 5}, "train/loss": 1765.356301540718, "_timestamp": 1715883062.1860616, "_runtime": 6.425970554351807, "_step": 1}