{"_wandb": {"runtime": 5}, "train/loss": 780.0704077487602, "_timestamp": 1715881771.002841, "_runtime": 6.390368938446045, "_step": 1}