{"train/loss": 0.04310653743894575, "_timestamp": 1715124515.0272229, "val/AUC": 0.7581162759725393, "val/AP": 0.6483965624326327, "val/normal_score": 0.048227351158857346, "val/abnormal_score": 0.07370392233133316, "_runtime": 434.4541988372803, "_step": 250, "_wandb": {"runtime": 433}}