{"train/loss": 0.025360257267951967, "train/recon_loss": 0.016586806252598764, "train/kl_loss": 1.2099295597076416, "train/embedding": 0.002723803510889411, "traing/grad": 6.849140259937089e-14, "_timestamp": 1716627232.472771, "val/AUC": 0.8238888888888889, "val/AP": 0.7477396395152344, "val/normal_score": 9.637598850531504e-05, "val/abnormal_score": 0.00019029757822863758, "_runtime": 420.86832094192505, "_step": 600, "_wandb": {"runtime": 419}}