{"train/loss": 0.27940866978963214, "_timestamp": 1715121700.2164726, "val/AUC": 0.8608315684005832, "val/AP": 0.816286887907311, "val/normal_score": 0.38320302963256836, "val/abnormal_score": 0.49198663234710693, "_runtime": 780.2314677238464, "_step": 250, "_wandb": {"runtime": 779}}