{"train/g_loss": 0.7606872744560241, "train/adv_loss": 0.16860345208644867, "train/recon_loss": 0.011758850388228893, "train/enc_loss": 0.004141317632049322, "train/d_loss": 0.030617559194564818, "_timestamp": 1715119352.6238804, "val/AUC": 0.8954861111111112, "val/AP": 0.8543247824353213, "_runtime": 378.46148347854614, "_step": 600, "_wandb": {"runtime": 377}}