{"train/loss": 0.003704375956207514, "_timestamp": 1716538494.0748167, "train/recon_loss": 0.003704375956207514, "train/embedding_loss": 0.0, "train/grad_penalty": 0.0, "val/AUC": 0.3751479999999999, "val/AP": 0.418729086026145, "val/normal_score": 0.0037888684310019016, "val/abnormal_score": 0.003145130816847086, "_runtime": 661.4668166637421, "_step": 250, "_wandb": {"runtime": 660}}