{"train/loss": 0.010713212445378303, "_timestamp": 1716583411.7607229, "train/recon_loss": 0.010597510352730752, "train/embedding_loss": 0.00011570196703542024, "train/grad_penalty": 4.200643020924044e-12, "val/AUC": 0.8673916666666667, "val/AP": 0.7756452825419916, "val/normal_score": 0.017953185364603996, "val/abnormal_score": 0.04303260147571564, "_runtime": 458.3586459159851, "_step": 600, "_wandb": {"runtime": 457}}