{"train/loss": 0.039262313842773434, "_timestamp": 1716151532.5109632, "train/recon_loss": 0.039262313842773434, "train/embedding_loss": 0.0, "train/grad_penalty": 0.0, "val/AUC": 0.7500520737516364, "val/AP": 0.7278257495530616, "val/normal_score": 0.04470357298851013, "val/abnormal_score": 0.05562274903059006, "_runtime": 237.74281930923462, "_step": 250, "_wandb": {"runtime": 236}}