{"train/loss": 0.010614057019352913, "_timestamp": 1716115449.3631425, "train/recon_loss": 0.010614057019352913, "train/embedding_loss": 0.0, "train/grad_penalty": 0.0, "val/AUC": 0.8692277777777778, "val/AP": 0.7795701661219113, "val/normal_score": 0.01803276129066944, "val/abnormal_score": 0.0441325306892395, "_runtime": 380.19115447998047, "_step": 600, "_wandb": {"runtime": 379}}