{"train/loss": 0.021710671603679656, "train/recon_loss": 0.014095409028232097, "train/kl_loss": 1.5230525074005128, "train/embedding": 0.0, "traing/grad": 0.0, "_timestamp": 1716645365.4233446, "val/AUC": 0.8739833333333333, "val/AP": 0.7998346510619676, "val/normal_score": 7.893357542343438e-05, "val/abnormal_score": 0.00013222257257439196, "_runtime": 429.0498945713043, "_step": 600, "_wandb": {"runtime": 428}}