{"train/g_loss": 1.0849542589187622, "train/adv_loss": 0.6690184909502666, "train/recon_loss": 0.00824245993544658, "train/enc_loss": 0.003812762323146065, "train/d_loss": 0.06380535686016083, "_timestamp": 1716728634.8078077, "val/AUC": 0.7247373886495946, "val/AP": 0.6508782433760834, "_runtime": 242.64499974250793, "_step": 250, "_wandb": {"runtime": 241}}