{"train/loss": 0.0717873021174765, "_timestamp": 1716138874.9125988, "train/recon_loss": 0.07141948161079369, "train/embedding_loss": 0.000367821164621329, "train/grad_penalty": 9.372745355886684e-13, "val/AUC": 0.6803189999999999, "val/AP": 0.6810040605038676, "val/normal_score": 0.0905102789402008, "val/abnormal_score": 0.10843781381845474, "_runtime": 536.0949149131775, "_step": 250, "_wandb": {"runtime": 535}}