{"train/loss": 0.01257243330307766, "train/recon_loss": 0.0074636675674387715, "train/kl_loss": 0.8078669119645729, "train/embedding": 0.0010694313095882535, "traing/grad": 9.533032593574478e-14, "_timestamp": 1716651806.7152767, "val/AUC": 0.7491402539922316, "val/AP": 0.6346691760879071, "val/normal_score": 2.872210279747378e-05, "val/abnormal_score": 4.168804662185721e-05, "_runtime": 913.6480398178101, "_step": 250, "_wandb": {"runtime": 912}}