{"train/loss": 0.005429686782680213, "_timestamp": 1716586951.947553, "train/recon_loss": 0.005426564120731297, "train/embedding_loss": 3.1227206264478054e-06, "train/grad_penalty": 3.4642394528228886e-12, "val/AUC": 0.7473505227803046, "val/AP": 0.6284666956786059, "val/normal_score": 0.0062043387442827225, "val/abnormal_score": 0.011788979172706604, "_runtime": 1091.3931770324707, "_step": 250, "_wandb": {"runtime": 1090}}