{"train/loss": 0.09566685378551483, "_timestamp": 1716200003.171596, "train/recon_loss": 0.09566685378551483, "train/embedding_loss": 0.0029397233116130036, "train/grad_penalty": 1.063201653453416e-14, "val/AUC": 0.6797897588795249, "val/AP": 0.6438528051898953, "val/normal_score": 0.1597880870103836, "val/abnormal_score": 0.2004009187221527, "_runtime": 191.06203293800354, "_step": 250, "_wandb": {"runtime": 190}}