{"_wandb": {"runtime": 5}, "train/loss": 568.1556285458657, "_timestamp": 1715880164.5799863, "_runtime": 6.369100332260132, "_step": 1}