{"train/loss": 0.0759914276078812, "_timestamp": 1715995181.3906689, "train/recon_loss": 0.0758035456140836, "train/embedding_loss": 0.0001878821229343976, "train/grad_penalty": 7.93616837384785e-12, "val/AUC": 0.3635926068540624, "val/AP": 0.4014086898088316, "val/normal_score": 0.12541504204273224, "val/abnormal_score": 0.10182386636734009, "_runtime": 750.8194258213043, "_step": 250, "_wandb": {"runtime": 749}}