{"train/loss": 0.003059613411625226, "_timestamp": 1715979639.4188797, "train/recon_loss": 0.002979973827799161, "train/embedding_loss": 7.963959847499306e-05, "train/grad_penalty": 1.5658104165113447e-12, "val/AUC": 0.7847750033828933, "val/AP": 0.7537138360412825, "val/normal_score": 0.0037473186384886503, "val/abnormal_score": 0.006440456490963697, "_runtime": 230.8222417831421, "_step": 250, "_wandb": {"runtime": 229}}