{"train/loss": 0.00399674181068247, "_timestamp": 1716537795.2489614, "train/recon_loss": 0.003947032125334451, "train/embedding_loss": 4.970966992510475e-05, "train/grad_penalty": 5.442058140511977e-14, "val/AUC": 0.4597150000000001, "val/AP": 0.49693919146269633, "val/normal_score": 0.003907466307282448, "val/abnormal_score": 0.003800877369940281, "_runtime": 633.6932735443115, "_step": 250, "_wandb": {"runtime": 632}}