{"train/loss": 0.010076756434579448, "_timestamp": 1716109709.9531865, "train/recon_loss": 0.009946624240304736, "train/embedding_loss": 0.00013013222717239405, "train/grad_penalty": 1.9953905027614037e-11, "val/AUC": 0.6929619999999999, "val/AP": 0.6805190146340315, "val/normal_score": 0.017548078671097755, "val/abnormal_score": 0.025487514212727547, "_runtime": 538.9592754840851, "_step": 250, "_wandb": {"runtime": 538}}