{"train/loss": 0.041822077923417536, "_timestamp": 1716158323.9960496, "train/recon_loss": 0.04162968992409112, "train/embedding_loss": 0.00019238779860330602, "train/grad_penalty": 7.918778717864673e-13, "val/AUC": 0.7548323654919389, "val/AP": 0.64987169693253, "val/normal_score": 0.04872196540236473, "val/abnormal_score": 0.07470022141933441, "_runtime": 878.6005616188049, "_step": 250, "_wandb": {"runtime": 877}}