{"train/loss": 0.0019485055454269075, "_timestamp": 1716554843.642118, "train/recon_loss": 0.0019467236359759182, "train/embedding_loss": 1.7819070297109188e-06, "train/grad_penalty": 2.182358709352616e-13, "val/AUC": 0.7347502455137933, "val/AP": 0.8609785405301646, "val/PixAUC": 0.8288171969388155, "val/PixAP": 0.15613938034018826, "val/BestDice": 0.2241654873164862, "val/BestThresh": 0.013914301991462708, "val/normal_score": 0.002323535969480872, "val/abnormal_score": 0.0038210307247936726, "_runtime": 919.9125468730927, "_step": 250, "_wandb": {"runtime": 919}}