{"train/loss": 0.010891965292394161, "_timestamp": 1715976319.158548, "train/recon_loss": 0.01085751160234213, "train/embedding_loss": 3.445359363104217e-05, "train/grad_penalty": 3.938763919186794e-12, "val/AUC": 0.8619916666666666, "val/AP": 0.7728852131245482, "val/normal_score": 0.018170315772294998, "val/abnormal_score": 0.042748596519231796, "_runtime": 397.1787621974945, "_step": 600, "_wandb": {"runtime": 396}}