{"train/g_loss": 0.5813613409996032, "train/adv_loss": 0.10263114500045777, "train/recon_loss": 0.009515859007835388, "train/enc_loss": 0.0029372486602514984, "train/d_loss": 0.03842858272045851, "_timestamp": 1716726584.847048, "val/AUC": 0.8705777777777777, "val/AP": 0.7933492400913812, "_runtime": 395.1944041252136, "_step": 600, "_wandb": {"runtime": 394}}