{"train/loss": 0.30653604289473746, "_timestamp": 1716246058.7106912, "train/recon_loss": 0.30653604289473746, "train/embedding_loss": 0.0, "train/grad_penalty": 0.0, "val/AUC": 0.6814096003298505, "val/AP": 0.5109438804211107, "val/normal_score": 0.4240588843822479, "val/abnormal_score": 0.4723982512950897, "_runtime": 3284.8712651729584, "_step": 250, "_wandb": {"runtime": 3284}}