{"train/loss": 0.014251810891524256, "_timestamp": 1715956157.3174033, "val/AUC": 0.656595, "val/AP": 0.6530000936910463, "val/normal_score": 0.01774856634438038, "val/abnormal_score": 0.02427566982805729, "_runtime": 403.86960220336914, "_step": 184}