{"train/loss": 0.011436586447060108, "train/recon_loss": 0.007238657601177693, "train/kl_loss": 0.6637135427792867, "train/embedding": 0.0008793611195869744, "traing/grad": 1.0077890263840775e-13, "_timestamp": 1716647934.8795629, "val/AUC": 0.7625953861895849, "val/AP": 0.7214499519435618, "val/normal_score": 3.397311957087368e-05, "val/abnormal_score": 4.421979610924609e-05, "_runtime": 266.2856647968292, "_step": 250, "_wandb": {"runtime": 265}}