{"train/loss": -3.9488847022922093, "train/recon_loss": 0.015576357439825888, "train/log_var": -4.932526397630785, "_timestamp": 1715107596.8652747, "val/AUC": 0.8660689999999999, "val/AP": 0.8472499363090513, "val/normal_score": 1.4639592170715332, "val/abnormal_score": 2.5731475353240967, "_runtime": 284.92313957214355, "_step": 250, "_wandb": {"runtime": 283}}