{"train/loss": 0.021534472107887268, "train/recon_loss": 0.013938308916985989, "train/kl_loss": 1.5192326154708862, "train/embedding": 0.0, "traing/grad": 0.0, "_timestamp": 1716626310.5994923, "val/AUC": 0.8596916666666667, "val/AP": 0.7787484386754153, "val/normal_score": 7.446727249771357e-05, "val/abnormal_score": 0.00016730630886740983, "_runtime": 455.97001338005066, "_step": 600, "_wandb": {"runtime": 455}}