{"train/loss": 0.010894118197262288, "_timestamp": 1716582928.8395858, "train/recon_loss": 0.01085775201767683, "train/embedding_loss": 3.636606340296567e-05, "train/grad_penalty": 6.309959013628408e-12, "val/AUC": 0.8580166666666664, "val/AP": 0.7691571429874869, "val/normal_score": 0.01805933564901352, "val/abnormal_score": 0.04210815578699112, "_runtime": 459.7250397205353, "_step": 600, "_wandb": {"runtime": 458}}