{"train/loss": 0.010092383405371197, "_timestamp": 1715968353.6139636, "train/recon_loss": 0.009990889048462594, "train/embedding_loss": 0.00010149441721724113, "train/grad_penalty": 2.1301746099105893e-12, "val/AUC": 0.688127, "val/AP": 0.6757710341573757, "val/normal_score": 0.01726645976305008, "val/abnormal_score": 0.024951759725809097, "_runtime": 522.1877126693726, "_step": 250, "_wandb": {"runtime": 521}}