{"train/loss": 0.005083728211915911, "_timestamp": 1715984299.440654, "train/recon_loss": 0.00507667996281012, "train/embedding_loss": 7.048251118615267e-06, "train/grad_penalty": 3.6627434135620015e-12, "val/AUC": 0.7326313062483695, "val/AP": 0.6178372249233569, "val/normal_score": 0.0060552917420864105, "val/abnormal_score": 0.01177952066063881, "_runtime": 856.8071031570435, "_step": 250, "_wandb": {"runtime": 855}}