{"train/loss": 0.003251721512902692, "_timestamp": 1716079376.6749158, "train/recon_loss": 0.003218037312528109, "train/embedding_loss": 3.3684209289665925e-05, "train/grad_penalty": 4.3867634145914083e-13, "val/AUC": 0.7364296960375971, "val/AP": 0.6251325365933968, "val/normal_score": 0.006290275137871504, "val/abnormal_score": 0.012890025973320007, "_runtime": 878.378880739212, "_step": 250, "_wandb": {"runtime": 877}}