{"train/loss": 0.1275240840911865, "_timestamp": 1716195870.0929596, "train/recon_loss": 0.1275240840911865, "train/embedding_loss": 0.008931286171078683, "train/grad_penalty": 3.563947266916213e-15, "val/AUC": 0.9278888888888889, "val/AP": 0.8573469808699072, "val/normal_score": 0.19894777238368988, "val/abnormal_score": 0.6380310654640198, "_runtime": 310.77418065071106, "_step": 600, "_wandb": {"runtime": 309}}