{"train/loss": 0.02411826143451896, "train/recon_loss": 0.015109796691284462, "train/kl_loss": 1.4093476124349678, "train/embedding": 0.001961726928129792, "traing/grad": 5.308250041781426e-13, "_timestamp": 1716602139.4574087, "val/AUC": 0.676315, "val/AP": 0.6675261835673338, "val/normal_score": 0.02052781917154789, "val/abnormal_score": 0.028120459988713264, "_runtime": 554.0721616744995, "_step": 250, "_wandb": {"runtime": 553}}