{"train/loss": 0.004246266293645743, "_timestamp": 1715997648.0966203, "train/recon_loss": 0.004245577043283317, "train/embedding_loss": 6.892638438735503e-07, "train/grad_penalty": 9.942208801931028e-12, "val/AUC": 0.8270925710998025, "val/AP": 0.9204043899072922, "val/PixAUC": 0.8987450357010659, "val/PixAP": 0.2723002247615181, "val/BestDice": 0.34630668226804007, "val/BestThresh": 0.06484819948673248, "val/normal_score": 0.005820958409458399, "val/abnormal_score": 0.013415972702205181, "_runtime": 789.4319503307343, "_step": 250, "_wandb": {"runtime": 788}}