{"train/loss": 0.0044826181121170525, "_timestamp": 1715978850.9441507, "train/recon_loss": 0.0044692652064065135, "train/embedding_loss": 1.335284181550378e-05, "train/grad_penalty": 9.937664746662024e-12, "val/AUC": 0.7501858690843077, "val/AP": 0.7226767413820392, "val/normal_score": 0.004564262926578522, "val/abnormal_score": 0.0071054380387067795, "_runtime": 232.97092366218567, "_step": 250, "_wandb": {"runtime": 231}}