{"train/loss": 0.009459118448197842, "_timestamp": 1716541562.5087287, "train/recon_loss": 0.009446721263229848, "train/embedding_loss": 1.2396958059980534e-05, "train/grad_penalty": 3.1314570467927406e-13, "val/AUC": 0.6947416666666667, "val/AP": 0.6108970722793449, "val/normal_score": 0.01341418270021677, "val/abnormal_score": 0.017827799543738365, "_runtime": 451.29331374168396, "_step": 600, "_wandb": {"runtime": 450}}