{"train/loss": 0.009817657969892025, "_timestamp": 1715119834.1189528, "val/AUC": 0.8901166666666667, "val/AP": 0.8033881397510088, "val/normal_score": 6.38093551970087e-05, "val/abnormal_score": 0.0001327369682257995, "_runtime": 233.3760747909546, "_step": 600, "_wandb": {"runtime": 232}}