{"_wandb": {"runtime": 5}, "train/loss": 935.8880755103588, "_timestamp": 1715879834.2056355, "_runtime": 6.655315637588501, "_step": 1}