{"train/loss": 0.07156751707865647, "_timestamp": 1716141165.432293, "train/recon_loss": 0.07127466871541248, "train/embedding_loss": 0.00029284828069370256, "train/grad_penalty": 7.048508165874615e-13, "val/AUC": 0.6764920000000001, "val/AP": 0.6747724668077539, "val/normal_score": 0.09004026651382446, "val/abnormal_score": 0.10746656358242035, "_runtime": 549.2871928215027, "_step": 250, "_wandb": {"runtime": 548}}