{"train/loss": 0.08055662598062611, "_timestamp": 1715990412.3805168, "train/recon_loss": 0.08050717479028043, "train/embedding_loss": 4.945115094569529e-05, "train/grad_penalty": 5.850145691078116e-11, "val/AUC": 0.3562130984469259, "val/AP": 0.39663701502566917, "val/normal_score": 0.12330076843500137, "val/abnormal_score": 0.09788557142019272, "_runtime": 754.8946506977081, "_step": 250, "_wandb": {"runtime": 754}}