{"train/g_loss": 2.078603730391168, "train/adv_loss": 0.5825199896532107, "train/recon_loss": 0.029685658531641224, "train/enc_loss": 0.011800806684034021, "train/d_loss": 0.184709940160816, "_timestamp": 1716720868.9266636, "val/AUC": 0.7374909999999999, "val/AP": 0.722369913073567, "_runtime": 108.60536360740662, "_step": 47, "_wandb": {"runtime": 108}}