{"train/loss": 0.019442277268577446, "_timestamp": 1715964446.091701, "train/recon_loss": 0.01919946480001669, "train/embedding_loss": 0.00024281222515342763, "train/grad_penalty": 5.516705015820913e-13, "val/AUC": 0.588174, "val/AP": 0.5971472618586479, "val/normal_score": 0.020429017022252083, "val/abnormal_score": 0.024552302435040474, "_runtime": 81.92037391662598, "_step": 35}