{"train/loss": 0.021552385091781617, "train/recon_loss": 0.013928810842335224, "train/kl_loss": 1.5247148895263671, "train/embedding": 0.0, "traing/grad": 0.0, "_timestamp": 1716604992.5502732, "val/AUC": 0.8448138888888889, "val/AP": 0.7586890053334865, "val/normal_score": 0.02143510803580284, "val/abnormal_score": 0.04420590028166771, "_runtime": 393.35988211631775, "_step": 600, "_wandb": {"runtime": 392}}