{"_wandb": {"runtime": 5}, "train/loss": 836.9962132566475, "_timestamp": 1715882607.7644074, "_runtime": 6.515995502471924, "_step": 1}