{"train/loss": 0.010476732511441914, "_timestamp": 1715107934.665904, "val/AUC": 0.7286520000000001, "val/AP": 0.7052146052887713, "val/normal_score": 5.73102333873976e-05, "val/abnormal_score": 7.605393329868093e-05, "_runtime": 302.1186830997467, "_step": 250, "_wandb": {"runtime": 301}}