{"train/loss": 0.09169770097770032, "train/recon_loss": 0.08218786598376508, "train/kl_loss": 1.9019670441465557, "train/embedding": 0.0, "traing/grad": 0.0, "_timestamp": 1716633548.7539413, "val/AUC": 0.34745980939545634, "val/AP": 0.39056118657448113, "val/normal_score": 0.00012030205107294023, "val/abnormal_score": 8.875942148733884e-05, "_runtime": 804.8050403594971, "_step": 250, "_wandb": {"runtime": 803}}