{"train/loss": 0.003403830041488012, "_timestamp": 1716121109.231954, "train/recon_loss": 0.0033094752381245297, "train/embedding_loss": 9.435480673952649e-05, "train/grad_penalty": 5.033009189969739e-12, "val/AUC": 0.7988736865631477, "val/AP": 0.7609274163735131, "val/normal_score": 0.003770387265831232, "val/abnormal_score": 0.00664353184401989, "_runtime": 237.07091212272644, "_step": 250, "_wandb": {"runtime": 236}}