{"train/g_loss": 0.7382076539993286, "train/adv_loss": 0.2115365092754364, "train/recon_loss": 0.010461861819028855, "train/enc_loss": 0.003578051805496216, "train/d_loss": 0.03920231832563877, "_timestamp": 1716724496.4765284, "val/AUC": 0.63687, "val/AP": 0.6104987213331174, "_runtime": 591.1499974727631, "_step": 250, "_wandb": {"runtime": 590}}