{"train/loss": 0.009819708784457851, "train/recon_loss": 0.006657525954528762, "train/kl_loss": 0.5033672115378696, "train/embedding": 0.0006453467649407685, "traing/grad": 4.5917330810003876e-14, "_timestamp": 1716639732.977268, "val/AUC": 0.7340769425348928, "val/AP": 0.8567498551049529, "val/PixAUC": 0.9315381797619989, "val/PixAP": 0.3295345544081878, "val/BestDice": 0.40138567863092184, "val/BestThresh": 0.00013382344332057983, "val/normal_score": 1.776889075699728e-05, "val/abnormal_score": 3.227839260944165e-05, "_runtime": 849.7426970005035, "_step": 250, "_wandb": {"runtime": 848}}