{"train/loss": 0.012600115903536395, "_timestamp": 1715966680.125542, "train/recon_loss": 0.012556689728261341, "train/embedding_loss": 4.342603788396619e-05, "train/grad_penalty": 1.1131763742705532e-11, "val/AUC": 0.678971, "val/AP": 0.6699834595033758, "val/normal_score": 0.017429722473025322, "val/abnormal_score": 0.02509818784892559, "_runtime": 525.0440490245819, "_step": 250, "_wandb": {"runtime": 524}}