{"_wandb": {"runtime": 5}, "train/loss": 417.9876455444249, "_timestamp": 1715880538.4002085, "_runtime": 6.8409905433654785, "_step": 1}