{"train/loss": 0.014732264711936182, "train/recon_loss": 0.009446883222989677, "train/kl_loss": 0.7253828101332378, "train/embedding": 0.0016584672266617417, "traing/grad": 7.590694227148885e-15, "_timestamp": 1716610207.928839, "val/AUC": 0.7252206149304814, "val/AP": 0.6199496560579169, "val/normal_score": 0.010164839215576649, "val/abnormal_score": 0.017158268019557, "_runtime": 903.0028340816498, "_step": 250, "_wandb": {"runtime": 902}}