{"train/loss": 0.0034126786043246586, "_timestamp": 1716119503.2970886, "train/recon_loss": 0.0033196806609630584, "train/embedding_loss": 9.299790383859848e-05, "train/grad_penalty": 4.774337944666677e-13, "val/AUC": 0.8028571385131386, "val/AP": 0.7637270026795546, "val/normal_score": 0.0037637227214872837, "val/abnormal_score": 0.006682697683572769, "_runtime": 237.60444355010986, "_step": 250, "_wandb": {"runtime": 236}}