{"train/loss": 0.004186378824992344, "train/recon_loss": 0.00417700442134966, "train/z_recon_loss": 9.374402252848039e-06, "_timestamp": 1716677473.3705864, "val/AUC": 0.8167958714003709, "val/AP": 0.9151114297675011, "val/PixAUC": 0.9267213144606179, "val/PixAP": 0.3727981567703814, "val/BestDice": 0.4250024364878552, "val/BestThresh": 0.0736364871263504, "val/normal_score": 0.006462793797254562, "val/abnormal_score": 0.013730786740779877, "_runtime": 865.8174543380737, "_step": 250, "_wandb": {"runtime": 865}}