{"train/loss": 0.501212569902528, "_timestamp": 1716208826.7963076, "train/recon_loss": 0.501212569902528, "train/embedding_loss": 0.0166650496118661, "train/grad_penalty": 2.2859724477301893e-14, "val/AUC": 0.3752972179437813, "val/AP": 0.4080632382971654, "val/normal_score": 0.8701503276824951, "val/abnormal_score": 0.8453778624534607, "_runtime": 630.8196134567261, "_step": 250, "_wandb": {"runtime": 629}}