{"train/loss": 0.026188743054866792, "train/recon_loss": 0.01799890710413456, "train/kl_loss": 1.1003065433502197, "train/embedding": 0.0026883031241595745, "traing/grad": 1.9996909672841817e-13, "_timestamp": 1716643630.4422362, "val/AUC": 0.5648500000000001, "val/AP": 0.5849251809085881, "val/normal_score": 5.254227653495036e-05, "val/abnormal_score": 5.679078458342701e-05, "_runtime": 602.3309271335602, "_step": 250, "_wandb": {"runtime": 601}}