{"train/loss": 0.12760146379470824, "_timestamp": 1716196203.7652311, "train/recon_loss": 0.12760146379470824, "train/embedding_loss": 0.09265484565496444, "train/grad_penalty": 2.6188947056232495e-16, "val/AUC": 0.9249361111111112, "val/AP": 0.8564989755641522, "val/normal_score": 0.19701465964317322, "val/abnormal_score": 0.6347120404243469, "_runtime": 308.20904517173767, "_step": 600, "_wandb": {"runtime": 307}}