{"train/loss": 0.0036397821232676507, "_timestamp": 1715112015.1412847, "val/AUC": 0.36141, "val/AP": 0.4124158966850095, "val/normal_score": 0.0038396858144551516, "val/abnormal_score": 0.0031209909357130527, "_runtime": 287.26534271240234, "_step": 250, "_wandb": {"runtime": 286}}