{"train/loss": 0.01073402589559555, "_timestamp": 1715978322.9307632, "train/recon_loss": 0.010621113389730454, "train/embedding_loss": 0.00011291250941576437, "train/grad_penalty": 1.3832056139362336e-11, "val/AUC": 0.8649527777777777, "val/AP": 0.7746677438315267, "val/normal_score": 0.018336789682507515, "val/abnormal_score": 0.04357578232884407, "_runtime": 372.49920535087585, "_step": 600, "_wandb": {"runtime": 370}}