{"_wandb": {"runtime": 25}, "train/loss": 567.2253462574708, "_timestamp": 1715882896.7664611, "_runtime": 26.253589153289795, "_step": 1}