{"train/loss": 0.04234143843697933, "_timestamp": 1716161097.5796063, "train/recon_loss": 0.042149643821670975, "train/embedding_loss": 0.0001917946143859739, "train/grad_penalty": 1.6083555064896136e-12, "val/AUC": 0.7507822092325318, "val/AP": 0.6466628495799466, "val/normal_score": 0.04876134172081947, "val/abnormal_score": 0.07421770691871643, "_runtime": 872.9947192668915, "_step": 250, "_wandb": {"runtime": 872}}