{"train/loss": 0.0028175317378888514, "_timestamp": 1715586120.0398128, "val/AUC": 0.8260621571486673, "val/AP": 0.9188543272240096, "val/PixAUC": 0.9218331473936963, "val/PixAP": 0.3639604679791966, "val/BestDice": 0.4151849325123706, "val/BestThresh": 0.07393596321344376, "val/normal_score": 0.006094611715525389, "val/abnormal_score": 0.013907941058278084, "_runtime": 512.0477337837219, "_step": 250, "_wandb": {"runtime": 511}}