{"train/loss": 0.013812160869599379, "_timestamp": 1715938608.3386936, "val/AUC": 0.667948, "val/AP": 0.6631819200316791, "val/normal_score": 0.017524175345897675, "val/abnormal_score": 0.024634305387735367, "_runtime": 528.5476267337799, "_step": 250, "_wandb": {"runtime": 527}}