{"train/loss": 0.068664297580719, "_timestamp": 1716150859.3396654, "train/recon_loss": 0.06844086980819702, "train/embedding_loss": 0.00022342790383845569, "train/grad_penalty": 9.038244562498132e-13, "val/AUC": 0.8080916666666667, "val/AP": 0.7278605298456935, "val/normal_score": 0.08119584619998932, "val/abnormal_score": 0.12457004189491272, "_runtime": 383.72736740112305, "_step": 600, "_wandb": {"runtime": 382}}