{"train/loss": 0.11081072791192517, "train/recon_loss": 0.1025812510611876, "train/kl_loss": 1.1240560033786222, "train/embedding": 0.0026091972831636667, "traing/grad": 1.1732417337997902e-12, "_timestamp": 1716634405.7943714, "val/AUC": 0.419062860993454, "val/AP": 0.4265510092575984, "val/normal_score": 8.075949153862894e-05, "val/abnormal_score": 6.214905442902818e-05, "_runtime": 812.0148794651031, "_step": 250, "_wandb": {"runtime": 811}}