{"train/loss": 0.0686315546631813, "_timestamp": 1716151266.7053838, "train/recon_loss": 0.06837791818380355, "train/embedding_loss": 0.0002536348935682327, "train/grad_penalty": 7.77271515206568e-12, "val/AUC": 0.8028027777777778, "val/AP": 0.7239254474080667, "val/normal_score": 0.08070607483386993, "val/abnormal_score": 0.12292887270450592, "_runtime": 383.16083669662476, "_step": 600, "_wandb": {"runtime": 382}}