{"train/loss": 0.31652016393468063, "_timestamp": 1716252752.3129423, "train/recon_loss": 0.31652016393468063, "train/embedding_loss": 0.004354186593030568, "train/grad_penalty": 2.604591403194875e-13, "val/AUC": 0.683507654248012, "val/AP": 0.5187021761686488, "val/normal_score": 0.4255054295063019, "val/abnormal_score": 0.4748075008392334, "_runtime": 3288.832499265671, "_step": 250, "_wandb": {"runtime": 3287}}