{"train/loss": 0.06789202904701233, "_timestamp": 1716148802.969269, "train/recon_loss": 0.06763879120349885, "train/embedding_loss": 0.000253237992990762, "train/grad_penalty": 7.945120160737784e-13, "val/AUC": 0.8025972222222222, "val/AP": 0.7218308348016369, "val/normal_score": 0.07969159632921219, "val/abnormal_score": 0.12169528007507324, "_runtime": 386.0940330028534, "_step": 600, "_wandb": {"runtime": 385}}