{"train/loss": 0.003887350693330915, "_timestamp": 1716574538.029453, "train/recon_loss": 0.0038858714620302985, "train/embedding_loss": 1.4792295033603654e-06, "train/grad_penalty": 7.218886593299727e-12, "val/AUC": 0.7640910037794245, "val/AP": 0.8596425218247288, "val/PixAUC": 0.8764246173300568, "val/PixAP": 0.3090634096448212, "val/BestDice": 0.3751204365199305, "val/BestThresh": 0.00014743040082976222, "val/normal_score": 2.7736636184272356e-05, "val/abnormal_score": 3.980771725764498e-05, "_runtime": 870.5555801391602, "_step": 250, "_wandb": {"runtime": 869}}