{"train/loss": 0.008947045266628265, "_timestamp": 1715974662.1264982, "train/recon_loss": 0.008817897073924542, "train/embedding_loss": 0.0001291481460793875, "train/grad_penalty": 5.026342131397854e-11, "val/AUC": 0.560034, "val/AP": 0.5985269837634376, "val/normal_score": 0.013580827973783016, "val/abnormal_score": 0.016661735251545906, "_runtime": 552.2216181755066, "_step": 250, "_wandb": {"runtime": 551}}