{"train/loss": 0.0033938074757655463, "_timestamp": 1716073940.2522717, "train/recon_loss": 0.0033111957584818206, "train/embedding_loss": 8.261168528891479e-05, "train/grad_penalty": 1.0972084230759238e-12, "val/AUC": 0.8000215897014082, "val/AP": 0.7621371929994403, "val/normal_score": 0.0037393923848867416, "val/abnormal_score": 0.0065633091144263744, "_runtime": 236.34315657615662, "_step": 250, "_wandb": {"runtime": 235}}