{"train/loss": 0.01000512016187919, "_timestamp": 1716107415.1034575, "train/recon_loss": 0.00990146560721647, "train/embedding_loss": 0.00010365455847924468, "train/grad_penalty": 1.3723301236121545e-12, "val/AUC": 0.69165, "val/AP": 0.6775942632775767, "val/normal_score": 0.017395175993442535, "val/abnormal_score": 0.02519052103161812, "_runtime": 537.4157934188843, "_step": 250, "_wandb": {"runtime": 536}}