{"train/loss": 0.07648239017657514, "_timestamp": 1716135139.7907321, "train/recon_loss": 0.0763041191505936, "train/embedding_loss": 0.00017827158828951278, "train/grad_penalty": 2.8783766512831972e-12, "val/AUC": 0.3677849441663458, "val/AP": 0.4025343275941393, "val/normal_score": 0.12566451728343964, "val/abnormal_score": 0.10288657993078232, "_runtime": 778.003879070282, "_step": 250, "_wandb": {"runtime": 777}}