{"train/loss": 0.012856796767414622, "_timestamp": 1715941884.0265512, "val/AUC": 0.6523390000000001, "val/AP": 0.6556474028494322, "val/normal_score": 0.018209565430879593, "val/abnormal_score": 0.024807235226035118, "_runtime": 524.171332359314, "_step": 250, "_wandb": {"runtime": 523}}