{"train/loss": 0.0032089009487238905, "_timestamp": 1716082148.3734536, "train/recon_loss": 0.003175579748581053, "train/embedding_loss": 3.33211849338615e-05, "train/grad_penalty": 8.521990923431287e-13, "val/AUC": 0.7401897735378845, "val/AP": 0.6262395110592187, "val/normal_score": 0.006222446449100971, "val/abnormal_score": 0.012718942016363144, "_runtime": 873.2242715358734, "_step": 250, "_wandb": {"runtime": 872}}