{"train/loss": 0.008815235197544099, "_timestamp": 1716581472.0481868, "train/recon_loss": 0.008697889603674411, "train/embedding_loss": 0.0001173457094701007, "train/grad_penalty": 6.995665855630273e-12, "val/AUC": 0.55296, "val/AP": 0.5958862882523316, "val/normal_score": 0.01347044575959444, "val/abnormal_score": 0.01634093001484871, "_runtime": 679.3710088729858, "_step": 250, "_wandb": {"runtime": 678}}