{"train/loss": 0.010068985111905024, "_timestamp": 1716106264.9656107, "train/recon_loss": 0.009937854322658765, "train/embedding_loss": 0.00013113077220037678, "train/grad_penalty": 2.0524161873195963e-12, "val/AUC": 0.699487, "val/AP": 0.6858801492874717, "val/normal_score": 0.01746967062354088, "val/abnormal_score": 0.0256869625300169, "_runtime": 538.5559468269348, "_step": 250, "_wandb": {"runtime": 537}}