{"train/loss": 0.024206248426655613, "train/recon_loss": 0.015195018643529283, "train/kl_loss": 1.4105102462726455, "train/embedding": 0.0019586789421737194, "traing/grad": 5.586558776346506e-13, "_timestamp": 1716642353.4743288, "val/AUC": 0.6853940000000001, "val/AP": 0.6607290530994354, "val/normal_score": 5.7892724726116285e-05, "val/abnormal_score": 7.051893771858886e-05, "_runtime": 580.1380658149719, "_step": 250, "_wandb": {"runtime": 579}}