{"train/g_loss": 1.010499605178833, "train/adv_loss": 0.36821310806274415, "train/recon_loss": 0.012718375399708748, "train/enc_loss": 0.006367720693349838, "train/d_loss": 0.07855129515007138, "_timestamp": 1715114192.0600405, "val/AUC": 0.587179, "val/AP": 0.5744229702019952, "_runtime": 592.3013784885406, "_step": 250, "_wandb": {"runtime": 588}}