{"train/loss": 0.09885807679685213, "_timestamp": 1716218461.9630785, "train/recon_loss": 0.09885807679685213, "train/embedding_loss": 0.07391971076003336, "train/grad_penalty": 6.866441065313002e-16, "val/AUC": 0.8016502742810663, "val/AP": 0.8589725436293739, "val/PixAUC": 0.9320317303361384, "val/PixAP": 0.26596777660173837, "val/BestDice": 0.36573677014174505, "val/BestThresh": 0.7002415060997009, "val/normal_score": 0.16322967410087585, "val/abnormal_score": 0.22584107518196106, "_runtime": 646.6850345134735, "_step": 250, "_wandb": {"runtime": 645}}