{"train/loss": 0.002937877797651032, "_timestamp": 1716092967.1207952, "train/recon_loss": 0.0029102209517548696, "train/embedding_loss": 2.7656864912830366e-05, "train/grad_penalty": 7.111486835838374e-13, "val/AUC": 0.8239467706256386, "val/AP": 0.9148177031433389, "val/PixAUC": 0.9109123123313198, "val/PixAP": 0.32267370607632995, "val/BestDice": 0.386139529949062, "val/BestThresh": 0.07339166849851608, "val/normal_score": 0.0060531217604875565, "val/abnormal_score": 0.013721142895519733, "_runtime": 806.4177143573761, "_step": 250, "_wandb": {"runtime": 805}}