{"train/loss": 0.002940496607064118, "_timestamp": 1715537398.0125117, "val/AUC": 0.8254458927278319, "val/AP": 0.9187629960109311, "val/PixAUC": 0.9134515544966374, "val/PixAP": 0.3342278590081249, "val/BestDice": 0.39509840326773116, "val/BestThresh": 0.07342641055583954, "val/normal_score": 0.006006584502756596, "val/abnormal_score": 0.013785822317004204, "_runtime": 514.9009697437286, "_step": 250, "_wandb": {"runtime": 513}}