{"train/loss": 0.008797303281724452, "_timestamp": 1716112668.9869668, "train/recon_loss": 0.008706323698163033, "train/embedding_loss": 9.097957570338622e-05, "train/grad_penalty": 1.3479817644046489e-12, "val/AUC": 0.5611109999999999, "val/AP": 0.6027608465418361, "val/normal_score": 0.013231123797595501, "val/abnormal_score": 0.016307879239320755, "_runtime": 554.2503137588501, "_step": 250, "_wandb": {"runtime": 553}}