{"train/loss": 0.04023869869843969, "_timestamp": 1716551899.9324846, "train/recon_loss": 0.04014504417402189, "train/embedding_loss": 9.365515239242429e-05, "train/grad_penalty": 8.70373375458864e-14, "val/AUC": 0.2759931331022975, "val/AP": 0.36279911349278876, "val/normal_score": 0.04559991881251335, "val/abnormal_score": 0.030987096950411797, "_runtime": 921.2063806056976, "_step": 250, "_wandb": {"runtime": 920}}