{"train/loss": 0.09695950506618188, "train/recon_loss": 0.08664149542649587, "train/kl_loss": 1.586825707423612, "train/embedding": 0.002383881015703082, "traing/grad": 3.8347255058857055e-12, "_timestamp": 1716636108.1997972, "val/AUC": 0.3836935245796432, "val/AP": 0.4059180454683487, "val/normal_score": 0.0001244347804458812, "val/abnormal_score": 9.487391071161255e-05, "_runtime": 804.2521562576294, "_step": 250, "_wandb": {"runtime": 803}}