{"train/loss": 0.07590719926282295, "_timestamp": 1715994389.3432484, "train/recon_loss": 0.075720507018971, "train/embedding_loss": 0.00018669242771860773, "train/grad_penalty": 4.166679432692913e-12, "val/AUC": 0.3629773135669362, "val/AP": 0.400512624903514, "val/normal_score": 0.1255161017179489, "val/abnormal_score": 0.1018584743142128, "_runtime": 752.2110514640808, "_step": 250, "_wandb": {"runtime": 751}}