{"train/loss": 0.003203876810075374, "_timestamp": 1716597163.3330486, "train/recon_loss": 0.003175000253289839, "train/embedding_loss": 2.887655339031875e-05, "train/grad_penalty": 2.2770125291478225e-12, "val/AUC": 0.8172143608209583, "val/AP": 0.9092179767101845, "val/PixAUC": 0.9066396734341086, "val/PixAP": 0.30670031874937465, "val/BestDice": 0.37352900900945357, "val/BestThresh": 0.07565843313932419, "val/normal_score": 0.006288222037255764, "val/abnormal_score": 0.014087908901274204, "_runtime": 933.4401025772095, "_step": 250, "_wandb": {"runtime": 932}}