{"_wandb": {"runtime": 5}, "train/loss": 917.7121724889896, "_timestamp": 1715885017.5345154, "_runtime": 6.360027313232422, "_step": 1}