{"train/loss": 0.008708840674857605, "train/recon_loss": 0.005838683711922641, "train/kl_loss": 0.5740313976401531, "_timestamp": 1715153438.533468, "val/AUC": 0.7526175738277335, "val/AP": 0.8716409250799126, "val/PixAUC": 0.8913923197227288, "val/PixAP": 0.3531699658383519, "val/BestDice": 0.40896806728040536, "val/BestThresh": 0.00016411846445407718, "val/normal_score": 3.129056858597323e-05, "val/abnormal_score": 4.2286173993488774e-05, "_runtime": 574.4625480175018, "_step": 250, "_wandb": {"runtime": 573}}