{"train/loss": 0.012710785526628465, "_timestamp": 1716577908.534718, "train/recon_loss": 0.012668920236380185, "train/embedding_loss": 4.1865455118342664e-05, "train/grad_penalty": 6.886719429091388e-12, "val/AUC": 0.6764870000000001, "val/AP": 0.6699630510916689, "val/normal_score": 0.017347346991300583, "val/abnormal_score": 0.02489534765481949, "_runtime": 664.9715421199799, "_step": 250, "_wandb": {"runtime": 664}}