{"train/loss": 0.038513173878192905, "_timestamp": 1716153415.935555, "train/recon_loss": 0.038143734931945804, "train/embedding_loss": 0.000369438537551711, "train/grad_penalty": 4.4258765923010925e-13, "val/AUC": 0.7717147544323504, "val/AP": 0.7463624834830256, "val/normal_score": 0.04288638383150101, "val/abnormal_score": 0.055266473442316055, "_runtime": 237.77812600135803, "_step": 250, "_wandb": {"runtime": 236}}