{"train/loss": 0.02915422378558638, "_timestamp": 1716171071.882704, "train/recon_loss": 0.029145257514323116, "train/embedding_loss": 8.965942594213325e-06, "train/grad_penalty": 2.238653532135668e-12, "val/AUC": 0.8073169310279837, "val/AP": 0.8924164670069292, "val/PixAUC": 0.913858441474523, "val/PixAP": 0.2856207992581261, "val/BestDice": 0.3617981543498435, "val/BestThresh": 0.2520235776901245, "val/normal_score": 0.03492319583892822, "val/abnormal_score": 0.0524144247174263, "_runtime": 808.5512089729309, "_step": 250, "_wandb": {"runtime": 807}}