{"train/loss": 0.0032696312783726286, "_timestamp": 1716568089.7047956, "train/recon_loss": 0.00323228401112482, "train/embedding_loss": 3.734725511768591e-05, "train/grad_penalty": 2.13607556442542e-12, "val/AUC": 0.7427348041603499, "val/AP": 0.6310119207035891, "val/normal_score": 2.9793985959258862e-05, "val/abnormal_score": 4.597508814185858e-05, "_runtime": 892.3516776561737, "_step": 250, "_wandb": {"runtime": 891}}