{"train/loss": 0.2954485602378845, "_timestamp": 1716236165.4925547, "train/recon_loss": 0.2954485602378845, "train/embedding_loss": 0.0047044757939875125, "train/grad_penalty": 1.5627849990658416e-13, "val/AUC": 0.7454615, "val/AP": 0.7299090086694155, "val/normal_score": 0.36871692538261414, "val/abnormal_score": 0.41773077845573425, "_runtime": 2023.803917646408, "_step": 250, "_wandb": {"runtime": 2022}}