{"train/loss": 0.011586034990847111, "_timestamp": 1716110893.8168337, "train/recon_loss": 0.011567637100815773, "train/embedding_loss": 1.8397890089545397e-05, "train/grad_penalty": 1.0714444984016857e-11, "val/AUC": 0.5526930000000001, "val/AP": 0.5970475528733052, "val/normal_score": 0.013527806848287582, "val/abnormal_score": 0.01643223874270916, "_runtime": 556.8184168338776, "_step": 250, "_wandb": {"runtime": 556}}