{"train/loss": 0.07676135050425739, "_timestamp": 1716133499.8599575, "train/recon_loss": 0.07658229210654145, "train/embedding_loss": 0.00017905838737401923, "train/grad_penalty": 2.9393972556348547e-12, "val/AUC": 0.36698915415222694, "val/AP": 0.4021826233600462, "val/normal_score": 0.12440010905265808, "val/abnormal_score": 0.10151314735412598, "_runtime": 769.2535643577576, "_step": 250, "_wandb": {"runtime": 768}}