{"train/loss": 0.027453410473473706, "_timestamp": 1716176248.0256927, "train/recon_loss": 0.027387109668927618, "train/embedding_loss": 6.630087085043344e-05, "train/grad_penalty": 3.6409846746584007e-13, "val/AUC": 0.8221550159211976, "val/AP": 0.9045617375828883, "val/PixAUC": 0.9011738982593498, "val/PixAP": 0.25257502697431816, "val/BestDice": 0.3305971998178075, "val/BestThresh": 0.23393958806991577, "val/normal_score": 0.0335935540497303, "val/abnormal_score": 0.052716389298439026, "_runtime": 808.236439704895, "_step": 250, "_wandb": {"runtime": 807}}