{"train/loss": 0.003988479393223922, "_timestamp": 1716584357.583789, "train/recon_loss": 0.0039655278660357, "train/embedding_loss": 2.2951538587221877e-05, "train/grad_penalty": 7.620280714308129e-13, "val/AUC": 0.79228654703134, "val/AP": 0.7567910680858292, "val/normal_score": 0.004119261167943478, "val/abnormal_score": 0.006834439933300018, "_runtime": 286.87377405166626, "_step": 250, "_wandb": {"runtime": 286}}