{"train/loss": 0.010703895770013332, "_timestamp": 1716069901.0659778, "train/recon_loss": 0.010596403196454048, "train/embedding_loss": 0.00010749277839204297, "train/grad_penalty": 2.0728783134416064e-12, "val/AUC": 0.8694194444444444, "val/AP": 0.7774289084683108, "val/normal_score": 0.018185177817940712, "val/abnormal_score": 0.043582115322351456, "_runtime": 380.8050298690796, "_step": 600, "_wandb": {"runtime": 379}}