{"train/loss": 0.013926657787842182, "_timestamp": 1715939157.1661832, "val/AUC": 0.658061, "val/AP": 0.6505245668691548, "val/normal_score": 0.01831255480647087, "val/abnormal_score": 0.024886494502425194, "_runtime": 527.7511622905731, "_step": 250, "_wandb": {"runtime": 526}}