{"train/loss": 0.11010388201148563, "_timestamp": 1716188571.9849348, "train/recon_loss": 0.11010388201148563, "train/embedding_loss": 0.09098333796528338, "train/grad_penalty": 6.87163046988671e-16, "val/AUC": 0.8069095000000001, "val/AP": 0.7853788281667773, "val/normal_score": 0.17500293254852295, "val/abnormal_score": 0.2599928081035614, "_runtime": 403.96411991119385, "_step": 250, "_wandb": {"runtime": 403}}