{"train/loss": 0.010013451230944643, "_timestamp": 1716062768.8575346, "train/recon_loss": 0.009909867261391557, "train/embedding_loss": 0.0001035840272695098, "train/grad_penalty": 2.7322880570481168e-12, "val/AUC": 0.6932265, "val/AP": 0.6828674630064802, "val/normal_score": 0.017427770420908928, "val/abnormal_score": 0.025524942204356194, "_runtime": 541.6177127361298, "_step": 250, "_wandb": {"runtime": 540}}