{"train/loss": 0.06714997982978821, "_timestamp": 1716145798.1012514, "train/recon_loss": 0.06680141937732696, "train/embedding_loss": 0.00034856054023839534, "train/grad_penalty": 2.717403810650887e-12, "val/AUC": 0.5810350000000001, "val/AP": 0.6150226992360331, "val/normal_score": 0.07770974934101105, "val/abnormal_score": 0.08588259667158127, "_runtime": 547.6314582824707, "_step": 250, "_wandb": {"runtime": 546}}