{"train/loss": 0.00507843916774585, "_timestamp": 1716122964.70761, "train/recon_loss": 0.005075089969393769, "train/embedding_loss": 3.3492011359085344e-06, "train/grad_penalty": 7.129775190288165e-12, "val/AUC": 0.7434353717295445, "val/AP": 0.6260979549589717, "val/normal_score": 0.005893101915717125, "val/abnormal_score": 0.01155314315110445, "_runtime": 876.9467558860779, "_step": 250, "_wandb": {"runtime": 876}}