{"train/loss": 0.003241960494692238, "_timestamp": 1716128504.8791325, "train/recon_loss": 0.003208563586392792, "train/embedding_loss": 3.339690313357037e-05, "train/grad_penalty": 9.020116451978151e-13, "val/AUC": 0.7432730006002259, "val/AP": 0.6326196520769061, "val/normal_score": 0.006169193424284458, "val/abnormal_score": 0.012828882783651352, "_runtime": 872.9175894260406, "_step": 250, "_wandb": {"runtime": 872}}