{"train/loss": 0.004821637161715008, "_timestamp": 1716124813.004002, "train/recon_loss": 0.004814593493313398, "train/embedding_loss": 7.04368483402952e-06, "train/grad_penalty": 4.1180923503151995e-12, "val/AUC": 0.7458271531962484, "val/AP": 0.6280888503298983, "val/normal_score": 0.005754451733082533, "val/abnormal_score": 0.011638198979198933, "_runtime": 878.0947480201721, "_step": 250, "_wandb": {"runtime": 877}}