{"train/loss": 0.12824177765846254, "_timestamp": 1716197207.8627737, "train/recon_loss": 0.12824177765846254, "train/embedding_loss": 0.04835790348052978, "train/grad_penalty": 1.5373121188994337e-15, "val/AUC": 0.9306166666666668, "val/AP": 0.866058892670958, "val/normal_score": 0.19547811150550842, "val/abnormal_score": 0.6414894461631775, "_runtime": 310.5736925601959, "_step": 600, "_wandb": {"runtime": 309}}