{"train/loss": 0.005576887280673383, "train/recon_loss": 0.005520474897399881, "train/entro_loss": 0.2820618982922009, "_timestamp": 1716703742.286108, "val/AUC": 0.6718887946512712, "val/AP": 0.8361752176200181, "val/PixAUC": 0.8850657203631126, "val/PixAP": 0.21140302865158506, "val/BestDice": 0.2974755515123948, "val/BestThresh": 0.13883446156978607, "val/normal_score": 0.026659859344363213, "val/abnormal_score": 0.03349943086504936, "_runtime": 854.088917016983, "_step": 250, "_wandb": {"runtime": 853}}