{"_wandb": {"runtime": 5}, "train/loss": 641.6277339086485, "_timestamp": 1715883693.471601, "_runtime": 6.408456087112427, "_step": 1}