{"train/g_loss": 1.1824815147941812, "train/adv_loss": 0.8048705005450181, "train/recon_loss": 0.007480726567062978, "train/enc_loss": 0.0035746905945747047, "train/d_loss": 0.07276626870072239, "_timestamp": 1716732678.7432098, "val/AUC": 0.6333222045255935, "val/AP": 0.5534372852351209, "_runtime": 952.7792239189148, "_step": 250, "_wandb": {"runtime": 951}}