{"train/loss": 0.001167019672197339, "_timestamp": 1715128865.5751033, "val/AUC": 0.7479854121398872, "val/AP": 0.595980061976999, "val/normal_score": 0.001172299962490797, "val/abnormal_score": 0.0019635402131825686, "_runtime": 449.1119132041931, "_step": 250, "_wandb": {"runtime": 448}}