{"train/loss": 0.010089463834372458, "_timestamp": 1715969465.509831, "train/recon_loss": 0.009963757262481278, "train/embedding_loss": 0.00012570657532227325, "train/grad_penalty": 2.6876377641791486e-11, "val/AUC": 0.6902349999999999, "val/AP": 0.6733726078699647, "val/normal_score": 0.017746860161423683, "val/abnormal_score": 0.02549065090715885, "_runtime": 521.5231618881226, "_step": 250, "_wandb": {"runtime": 520}}