{"train/loss": 0.08346686038955953, "_timestamp": 1716591217.407652, "train/recon_loss": 0.08342002247864345, "train/embedding_loss": 4.683728067628284e-05, "train/grad_penalty": 4.9189856743228916e-11, "val/AUC": 0.35574059812604286, "val/AP": 0.3968265389008996, "val/normal_score": 0.12041600048542023, "val/abnormal_score": 0.09632628411054611, "_runtime": 953.3072218894958, "_step": 250, "_wandb": {"runtime": 952}}