{"train/loss": 0.003220414454738299, "_timestamp": 1716072599.33258, "train/recon_loss": 0.003220414454738299, "train/embedding_loss": 0.0, "train/grad_penalty": 0.0, "val/AUC": 0.7986790751701709, "val/AP": 0.7611190109482415, "val/normal_score": 0.0034967625979334116, "val/abnormal_score": 0.006267727352678776, "_runtime": 237.10406708717346, "_step": 250, "_wandb": {"runtime": 236}}