{"train/loss": 0.024185207646540374, "train/recon_loss": 0.015162449116305666, "train/kl_loss": 1.4116874904763819, "train/embedding": 0.0019643211271613836, "traing/grad": 5.059781261508578e-13, "_timestamp": 1716623144.8719046, "val/AUC": 0.664809, "val/AP": 0.6680598371388469, "val/normal_score": 3.5834989830618724e-05, "val/abnormal_score": 5.1216353313066065e-05, "_runtime": 571.3887805938721, "_step": 250, "_wandb": {"runtime": 570}}