{"_wandb": {"runtime": 5}, "train/loss": 609.0418671730492, "_timestamp": 1715880464.309021, "_runtime": 7.048125982284546, "_step": 1}