{"train/loss": 0.1100995382746298, "_timestamp": 1716191179.2879748, "train/recon_loss": 0.1100995382746298, "train/embedding_loss": 0.09245736300906587, "train/grad_penalty": 6.007894798343522e-15, "val/AUC": 0.807279, "val/AP": 0.7865198926903257, "val/normal_score": 0.174101322889328, "val/abnormal_score": 0.2579185962677002, "_runtime": 397.38238883018494, "_step": 250, "_wandb": {"runtime": 396}}