{"train/loss": 0.046472123410833316, "_timestamp": 1716157395.320337, "train/recon_loss": 0.046406685715398174, "train/embedding_loss": 6.54379391053877e-05, "train/grad_penalty": 7.578680701338061e-13, "val/AUC": 0.7503589496594767, "val/AP": 0.6387476995918733, "val/normal_score": 0.0482681468129158, "val/abnormal_score": 0.07194936275482178, "_runtime": 876.6868200302124, "_step": 250, "_wandb": {"runtime": 875}}