{"train/loss": 0.2021629056930542, "_timestamp": 1716237505.3500535, "train/recon_loss": 0.2021629056930542, "train/embedding_loss": 0.0, "train/grad_penalty": 0.0, "val/AUC": 0.9586611111111112, "val/AP": 0.9250680192739079, "val/normal_score": 0.23780186474323273, "val/abnormal_score": 0.5282830595970154, "_runtime": 1304.023399591446, "_step": 600, "_wandb": {"runtime": 1303}}