{"train/loss": 0.010751840703189373, "_timestamp": 1715975896.6461563, "train/recon_loss": 0.010639604151248932, "train/embedding_loss": 0.00011223651154432445, "train/grad_penalty": 1.4953860840577482e-12, "val/AUC": 0.8633138888888888, "val/AP": 0.7722308288758724, "val/normal_score": 0.018141508102416992, "val/abnormal_score": 0.0427887924015522, "_runtime": 383.80362820625305, "_step": 600, "_wandb": {"runtime": 382}}