{"train/loss": 0.0825031209479338, "_timestamp": 1716084698.1158552, "train/recon_loss": 0.08245729706572287, "train/embedding_loss": 4.5824285546089256e-05, "train/grad_penalty": 5.5826706334269806e-11, "val/AUC": 0.35282858426389424, "val/AP": 0.3953476142406191, "val/normal_score": 0.12276455014944077, "val/abnormal_score": 0.09718087315559387, "_runtime": 774.9173011779785, "_step": 250, "_wandb": {"runtime": 774}}