{"train/loss": 0.004224444341259062, "_timestamp": 1716596176.7851303, "train/recon_loss": 0.004222909748072976, "train/embedding_loss": 1.5346466651459343e-06, "train/grad_penalty": 5.786321144682681e-12, "val/AUC": 0.8225499459373666, "val/AP": 0.917753521849487, "val/PixAUC": 0.9187310109431265, "val/PixAP": 0.3436512664277771, "val/BestDice": 0.4046716416253286, "val/BestThresh": 0.07270769774913788, "val/normal_score": 0.006111239083111286, "val/abnormal_score": 0.013479816727340221, "_runtime": 942.1175363063812, "_step": 250, "_wandb": {"runtime": 941}}