{"train/loss": 0.04017653753360113, "_timestamp": 1716152341.1819348, "train/recon_loss": 0.03989289132754008, "train/embedding_loss": 0.0002836461823899299, "train/grad_penalty": 4.947280204138186e-13, "val/AUC": 0.7328487306928014, "val/AP": 0.7310993667805223, "val/normal_score": 0.04718244448304176, "val/abnormal_score": 0.059490520507097244, "_runtime": 237.60803294181824, "_step": 250, "_wandb": {"runtime": 236}}