{"train/loss": 0.2060583999132323, "_timestamp": 1716267881.2373693, "train/recon_loss": 0.2060583999132323, "train/embedding_loss": 0.001696276195710903, "train/grad_penalty": 1.8168393749343886e-13, "val/AUC": 0.8447807239432987, "val/AP": 0.9207534103461885, "val/PixAUC": 0.9392349922810292, "val/PixAP": 0.45418952614912395, "val/BestDice": 0.4564512213081151, "val/BestThresh": 0.6273157000541687, "val/normal_score": 0.2601867914199829, "val/abnormal_score": 0.31597763299942017, "_runtime": 2341.054758310318, "_step": 250, "_wandb": {"runtime": 2340}}