{"train/loss": 0.013751235036254394, "_timestamp": 1715957312.0586617, "val/AUC": 0.6624220000000001, "val/AP": 0.6579523258910097, "val/normal_score": 0.017608823254704475, "val/abnormal_score": 0.024357227608561516, "_runtime": 544.2551896572113, "_step": 250, "_wandb": {"runtime": 543}}