{"_wandb": {"runtime": 5}, "train/loss": 769.88931250939, "_timestamp": 1715883447.3885877, "_runtime": 6.401296615600586, "_step": 1}