{"train/loss": 0.011643558256328106, "_timestamp": 1716559889.0273407, "train/recon_loss": 0.011624832302331925, "train/embedding_loss": 1.8725942543824203e-05, "train/grad_penalty": 1.0769826377932112e-11, "val/AUC": 0.603711, "val/AP": 0.612182707931081, "val/normal_score": 5.375091859605163e-05, "val/abnormal_score": 6.105886131990701e-05, "_runtime": 594.5687077045441, "_step": 250, "_wandb": {"runtime": 593}}