{"train/loss": 0.01247039369482308, "_timestamp": 1716106840.9491193, "train/recon_loss": 0.01242901117259637, "train/embedding_loss": 4.1382429054398954e-05, "train/grad_penalty": 7.737528476213467e-12, "val/AUC": 0.690649, "val/AP": 0.6772467408401048, "val/normal_score": 0.017594804987311363, "val/abnormal_score": 0.025497592985630035, "_runtime": 538.6970653533936, "_step": 250, "_wandb": {"runtime": 537}}