{"train/loss": 0.012969300583004951, "train/recon_loss": 0.008691651533047358, "train/kl_loss": 0.5795657439231873, "train/embedding": 0.0013798205181956291, "traing/grad": 8.80921464924524e-15, "_timestamp": 1716606809.2572298, "val/AUC": 0.7770908941633307, "val/AP": 0.7417594132314234, "val/normal_score": 0.00886363536119461, "val/abnormal_score": 0.014128975570201874, "_runtime": 247.4913558959961, "_step": 250, "_wandb": {"runtime": 246}}