{"train/loss": 0.0013258190887739173, "_timestamp": 1716548066.5083869, "train/recon_loss": 0.001316835618845974, "train/embedding_loss": 8.983469153278899e-06, "train/grad_penalty": 4.259884314774514e-14, "val/AUC": 0.7445756184241974, "val/AP": 0.5903131192129086, "val/normal_score": 0.00129791593644768, "val/abnormal_score": 0.002131071640178561, "_runtime": 1072.3113267421722, "_step": 250, "_wandb": {"runtime": 1071}}