{"train/loss": 0.0031472138818117285, "_timestamp": 1716122037.0623636, "train/recon_loss": 0.0031472138818117285, "train/embedding_loss": 0.0, "train/grad_penalty": 0.0, "val/AUC": 0.7408137165291986, "val/AP": 0.6276591790684642, "val/normal_score": 0.006190114188939333, "val/abnormal_score": 0.012737465091049671, "_runtime": 877.6092455387115, "_step": 250, "_wandb": {"runtime": 876}}