{"train/loss": 0.01096662452071905, "_timestamp": 1716562588.630994, "train/recon_loss": 0.010933452270925044, "train/embedding_loss": 3.317237738519907e-05, "train/grad_penalty": 6.5148613864751684e-12, "val/AUC": 0.9047722222222221, "val/AP": 0.8309513501185076, "val/normal_score": 8.01003334345296e-05, "val/abnormal_score": 0.00016680549015291035, "_runtime": 445.7122850418091, "_step": 600, "_wandb": {"runtime": 444}}