{"train/loss": 0.010807833887636661, "_timestamp": 1716560524.4190557, "train/recon_loss": 0.010772913590073586, "train/embedding_loss": 3.492016775999218e-05, "train/grad_penalty": 6.586701614685886e-12, "val/AUC": 0.604653, "val/AP": 0.6180946892748924, "val/normal_score": 5.1465922297211364e-05, "val/abnormal_score": 5.8959991292795166e-05, "_runtime": 595.7714567184448, "_step": 250, "_wandb": {"runtime": 594}}