{"train/loss": 0.010506657741963863, "_timestamp": 1716580758.1805873, "train/recon_loss": 0.010472507864236832, "train/embedding_loss": 3.414989513112232e-05, "train/grad_penalty": 1.4608227488777104e-11, "val/AUC": 0.5378860000000001, "val/AP": 0.5867485978919658, "val/normal_score": 0.014315100386738777, "val/abnormal_score": 0.016907332465052605, "_runtime": 682.311683177948, "_step": 250, "_wandb": {"runtime": 681}}