{"train/loss": 0.1288995523452759, "_timestamp": 1716197881.8549933, "train/recon_loss": 0.1288995523452759, "train/embedding_loss": 0.009436082310974599, "train/grad_penalty": 2.286620789633889e-15, "val/AUC": 0.9267666666666666, "val/AP": 0.8490754302410441, "val/normal_score": 0.19956515729427338, "val/abnormal_score": 0.6381999254226685, "_runtime": 312.201473236084, "_step": 600, "_wandb": {"runtime": 311}}