{"train/loss": 0.1042841817691641, "train/recon_loss": 0.09419699121008879, "train/kl_loss": 1.3488895323291514, "train/embedding": 0.003342743031680584, "traing/grad": 1.1529402649604337e-12, "_timestamp": 1716654391.6790388, "val/AUC": 0.42129059170838146, "val/AP": 0.4421734185110213, "val/normal_score": 5.415499254013412e-05, "val/abnormal_score": 4.85513883177191e-05, "_runtime": 820.4514448642731, "_step": 250, "_wandb": {"runtime": 819}}