{"train/loss": 0.009986045859585766, "_timestamp": 1715958224.8052068, "val/AUC": 0.686908, "val/AP": 0.6766161956674352, "val/normal_score": 0.017001554369926453, "val/abnormal_score": 0.024727001786231995, "_runtime": 544.4132716655731, "_step": 250, "_wandb": {"runtime": 543}}