{"train/loss": 0.002986139729990582, "_timestamp": 1716001860.1506844, "train/recon_loss": 0.0029620467130593714, "train/embedding_loss": 2.4093005200867336e-05, "train/grad_penalty": 5.350562560285161e-13, "val/AUC": 0.8254744120068646, "val/AP": 0.9192650431636151, "val/PixAUC": 0.9084681091573177, "val/PixAP": 0.32537368406141626, "val/BestDice": 0.3847800314091042, "val/BestThresh": 0.07258522510528564, "val/normal_score": 0.005919329822063446, "val/abnormal_score": 0.013671867549419403, "_runtime": 788.0557043552399, "_step": 250, "_wandb": {"runtime": 787}}