{"train/loss": 0.010454511165618897, "_timestamp": 1715115906.3468518, "val/AUC": 0.8545583333333334, "val/AP": 0.7676083942550906, "val/normal_score": 0.01906205154955387, "val/abnormal_score": 0.04313451051712036, "_runtime": 194.3712387084961, "_step": 600, "_wandb": {"runtime": 193}}