{"train/loss": 0.003436600955824057, "_timestamp": 1716073135.6212435, "train/recon_loss": 0.003342803644637267, "train/embedding_loss": 9.379730775253847e-05, "train/grad_penalty": 4.3877425564414765e-13, "val/AUC": 0.7980602717565655, "val/AP": 0.7616650900807129, "val/normal_score": 0.0037778341211378574, "val/abnormal_score": 0.006655803415924311, "_runtime": 236.22081542015076, "_step": 250, "_wandb": {"runtime": 235}}