{"train/loss": 0.003029308869361672, "_timestamp": 1715150950.0499187, "val/AUC": 0.8241228461744485, "val/AP": 0.9185196273747749, "val/PixAUC": 0.9242686824482836, "val/PixAP": 0.36874536972492317, "val/BestDice": 0.4228311865510805, "val/BestThresh": 0.07848420739173889, "val/normal_score": 0.006508289370685816, "val/abnormal_score": 0.014734056778252125, "_runtime": 667.9720056056976, "_step": 250, "_wandb": {"runtime": 667}}