{"train/loss": 0.003173076299329599, "_timestamp": 1716075669.9646978, "train/recon_loss": 0.003173076299329599, "train/embedding_loss": 0.0, "train/grad_penalty": 0.0, "val/AUC": 0.74163651854406, "val/AP": 0.6290162793570822, "val/normal_score": 0.006185996346175671, "val/abnormal_score": 0.012753658927977085, "_runtime": 872.3220727443695, "_step": 250, "_wandb": {"runtime": 871}}