{"train/loss": 0.011169657927485083, "train/recon_loss": 0.008169563347396333, "train/kl_loss": 0.4116202930293268, "train/embedding": 0.0009419932612217963, "traing/grad": 4.042637111975915e-15, "_timestamp": 1716616225.498931, "val/AUC": 0.7866742428751401, "val/AP": 0.8967838431287076, "val/PixAUC": 0.9425420431012772, "val/PixAP": 0.44157374714305336, "val/BestDice": 0.46661888271919444, "val/BestThresh": 0.10914363712072372, "val/normal_score": 0.010762562043964863, "val/abnormal_score": 0.01950375735759735, "_runtime": 827.6972408294678, "_step": 250, "_wandb": {"runtime": 826}}