{"train/loss": 0.12235794536272684, "_timestamp": 1716199111.781822, "train/recon_loss": 0.12235794536272684, "train/embedding_loss": 0.007159623503684998, "train/grad_penalty": 2.3966309667808443e-15, "val/AUC": 0.6757013992255074, "val/AP": 0.6447799691871582, "val/normal_score": 0.16163285076618195, "val/abnormal_score": 0.20093101263046265, "_runtime": 192.41382884979248, "_step": 250, "_wandb": {"runtime": 191}}