{"train/loss": 0.003832131939629714, "_timestamp": 1716119771.9708333, "train/recon_loss": 0.0038082283089558282, "train/embedding_loss": 2.3903657206877445e-05, "train/grad_penalty": 8.106975316751752e-13, "val/AUC": 0.7822085656380137, "val/AP": 0.7436430587774756, "val/normal_score": 0.004067901987582445, "val/abnormal_score": 0.0068375603295862675, "_runtime": 237.79037237167358, "_step": 250, "_wandb": {"runtime": 236}}