{"train/loss": 0.010610363028943538, "_timestamp": 1716561640.6008706, "train/recon_loss": 0.010610363028943538, "train/embedding_loss": 0.0, "train/grad_penalty": 0.0, "val/AUC": 0.9105527777777778, "val/AP": 0.8393565399065479, "val/normal_score": 6.399511767085642e-05, "val/abnormal_score": 0.00015262332453858107, "_runtime": 443.2941675186157, "_step": 600, "_wandb": {"runtime": 441}}