{"train/loss": 0.12295874008307432, "_timestamp": 1716202863.7060432, "train/recon_loss": 0.12295874008307432, "train/embedding_loss": 0.0018850530154647487, "train/grad_penalty": 9.45894628672212e-15, "val/AUC": 0.7685317453801764, "val/AP": 0.6545850240889501, "val/normal_score": 0.2004041224718094, "val/abnormal_score": 0.3344075679779053, "_runtime": 612.2983491420746, "_step": 250, "_wandb": {"runtime": 611}}