{"train/loss": 0.008832823768258094, "_timestamp": 1716068082.6960278, "train/recon_loss": 0.008741544730961323, "train/embedding_loss": 9.127891814569011e-05, "train/grad_penalty": 2.745216661631522e-12, "val/AUC": 0.559728, "val/AP": 0.5978691055367075, "val/normal_score": 0.013207301497459412, "val/abnormal_score": 0.016187304630875587, "_runtime": 555.615288734436, "_step": 250, "_wandb": {"runtime": 554}}