{"train/loss": 0.003071085748607056, "_timestamp": 1716594187.2364674, "train/recon_loss": 0.003071085748607056, "train/embedding_loss": 0.0, "train/grad_penalty": 0.0, "val/AUC": 0.8244470979773632, "val/AP": 0.9185011038192386, "val/PixAUC": 0.9108888682464599, "val/PixAP": 0.32165154409637586, "val/BestDice": 0.3862678310816896, "val/BestThresh": 0.07354822754859924, "val/normal_score": 0.00596195412799716, "val/abnormal_score": 0.013734499923884869, "_runtime": 935.7403893470764, "_step": 250, "_wandb": {"runtime": 934}}