{"train/loss": 0.02539565372467041, "train/recon_loss": 0.016556939676404, "train/kl_loss": 1.224004409790039, "train/embedding": 0.0027186921797692776, "traing/grad": 7.856455557734426e-14, "_timestamp": 1716646283.2074692, "val/AUC": 0.754388888888889, "val/AP": 0.6828318146776277, "val/normal_score": 0.0001186795998364687, "val/abnormal_score": 0.00016983186651486903, "_runtime": 430.9738612174988, "_step": 600, "_wandb": {"runtime": 430}}