{"train/loss": 0.0031029778830707075, "_timestamp": 1715979901.772095, "train/recon_loss": 0.0030095677295078832, "train/embedding_loss": 9.341014079594363e-05, "train/grad_penalty": 5.893426839135666e-12, "val/AUC": 0.8020482849110794, "val/AP": 0.7710179503964742, "val/normal_score": 0.003921091556549072, "val/abnormal_score": 0.006880409084260464, "_runtime": 230.8666009902954, "_step": 250, "_wandb": {"runtime": 230}}