{"train/loss": 0.11807581346973743, "_timestamp": 1716204834.9234033, "train/recon_loss": 0.11807581346973743, "train/embedding_loss": 0.009550029153419598, "train/grad_penalty": 7.439220839239105e-16, "val/AUC": 0.7681395005172158, "val/AP": 0.650397007718421, "val/normal_score": 0.20026765763759613, "val/abnormal_score": 0.3320707678794861, "_runtime": 610.3561353683472, "_step": 250, "_wandb": {"runtime": 609}}