{"train/loss": 0.20643488516421987, "_timestamp": 1715147877.8381505, "val/AUC": 0.8524834092194149, "val/AP": 0.922407361974674, "val/PixAUC": 0.9393493018063017, "val/PixAP": 0.44959696971033164, "val/BestDice": 0.45511654533851814, "val/BestThresh": 0.6331172585487366, "val/normal_score": 0.26287785172462463, "val/abnormal_score": 0.32042190432548523, "_runtime": 2285.1588804721832, "_step": 250, "_wandb": {"runtime": 2284}}