{"train/loss": 0.003377378177408915, "_timestamp": 1715987902.2004976, "train/recon_loss": 0.003341629985847707, "train/embedding_loss": 3.574817423618192e-05, "train/grad_penalty": 1.8125628421747978e-12, "val/AUC": 0.7482335298206437, "val/AP": 0.6361930425316527, "val/normal_score": 0.006172788795083761, "val/abnormal_score": 0.013003450818359852, "_runtime": 850.2804715633392, "_step": 250, "_wandb": {"runtime": 849}}