{"_wandb": {"runtime": 11}, "train/loss": 0.3056415099117608, "train/recon_loss": 0.2656121556092101, "train/z_recon_loss": 0.04002935567232765, "_timestamp": 1716659640.9268792, "_runtime": 6.603934049606323, "_step": 1}