{"train/loss": 0.012829666793346404, "train/recon_loss": 0.00846484810858965, "train/kl_loss": 0.5938673555056254, "train/embedding": 0.0013954818714410067, "traing/grad": 1.1133538278047979e-14, "_timestamp": 1716647636.8889613, "val/AUC": 0.7668935612516553, "val/AP": 0.7343419902323464, "val/normal_score": 3.511243994580582e-05, "val/abnormal_score": 4.67226273030974e-05, "_runtime": 268.79093742370605, "_step": 250, "_wandb": {"runtime": 267}}