{"train/loss": 0.09641071752707163, "_timestamp": 1716198660.4088678, "train/recon_loss": 0.09641071752707163, "train/embedding_loss": 0.0019521476148317257, "train/grad_penalty": 1.749789852942274e-14, "val/AUC": 0.6740213555595762, "val/AP": 0.6488876008755584, "val/normal_score": 0.16074301302433014, "val/abnormal_score": 0.2005513608455658, "_runtime": 192.56734585762024, "_step": 250, "_wandb": {"runtime": 191}}