{"train/loss": 0.021957056015729903, "train/recon_loss": 0.01398735661059618, "train/kl_loss": 1.2470551443099975, "train/embedding": 0.001734424033202231, "traing/grad": 7.019651244825897e-13, "_timestamp": 1716604570.0306668, "val/AUC": 0.549704, "val/AP": 0.5897510992218847, "val/normal_score": 0.016699176281690598, "val/abnormal_score": 0.019437231123447418, "_runtime": 569.6621158123016, "_step": 250, "_wandb": {"runtime": 568}}