{"train/loss": 0.0034335117985804875, "_timestamp": 1716074746.9361157, "train/recon_loss": 0.0033400696963071822, "train/embedding_loss": 9.344215592136606e-05, "train/grad_penalty": 4.95966925861957e-12, "val/AUC": 0.7956352313518953, "val/AP": 0.7584872982855702, "val/normal_score": 0.0038255304098129272, "val/abnormal_score": 0.006687266752123833, "_runtime": 236.6848018169403, "_step": 250, "_wandb": {"runtime": 235}}