{"train/loss": 0.02753245806517453, "_timestamp": 1716171931.5410964, "train/recon_loss": 0.02745347686432173, "train/embedding_loss": 7.898110486234444e-05, "train/grad_penalty": 2.6264917171985257e-13, "val/AUC": 0.8128143320536857, "val/AP": 0.8949917074417424, "val/PixAUC": 0.9122587262271318, "val/PixAP": 0.2857974005003045, "val/BestDice": 0.36094507432747897, "val/BestThresh": 0.2479213923215866, "val/normal_score": 0.03406254202127457, "val/abnormal_score": 0.05209857597947121, "_runtime": 805.8207404613495, "_step": 250, "_wandb": {"runtime": 805}}