{"train/loss": 0.01024584237486124, "train/recon_loss": 0.006530241126815478, "train/kl_loss": 0.7431202692985535, "train/embedding": 0.0, "traing/grad": 0.0, "_timestamp": 1716647035.7574372, "val/AUC": 0.7378903820921028, "val/AP": 0.7096646818695584, "val/normal_score": 3.5240784200141206e-05, "val/abnormal_score": 4.4712371163768694e-05, "_runtime": 266.9554591178894, "_step": 250, "_wandb": {"runtime": 266}}