{"train/loss": 0.026213407337665556, "train/recon_loss": 0.018026107490062712, "train/kl_loss": 1.1000662231445313, "train/embedding": 0.002686968306079507, "traing/grad": 1.880624697853453e-13, "_timestamp": 1716624476.1487467, "val/AUC": 0.546503, "val/AP": 0.5717719220005257, "val/normal_score": 3.093257691944018e-05, "val/abnormal_score": 3.6757664929609746e-05, "_runtime": 639.1526727676392, "_step": 250, "_wandb": {"runtime": 638}}