{"train/loss": 0.00987749353149856, "_timestamp": 1715956730.9181685, "val/AUC": 0.665893, "val/AP": 0.6550044149375618, "val/normal_score": 0.017604095861315727, "val/abnormal_score": 0.024547694250941277, "_runtime": 539.1827735900879, "_step": 250, "_wandb": {"runtime": 538}}