{"train/loss": 0.0029468546276264084, "_timestamp": 1716098130.1870344, "train/recon_loss": 0.0029205013059010643, "train/embedding_loss": 2.6353331995225805e-05, "train/grad_penalty": 7.704786145855278e-12, "val/AUC": 0.822001259808152, "val/AP": 0.9123899114804881, "val/PixAUC": 0.9147467006637473, "val/PixAP": 0.32993548552113827, "val/BestDice": 0.3928807587540958, "val/BestThresh": 0.07371722161769867, "val/normal_score": 0.006148765794932842, "val/abnormal_score": 0.013731705956161022, "_runtime": 808.0128524303436, "_step": 250, "_wandb": {"runtime": 807}}