{"train/loss": -3.616732548376467, "train/recon_loss": 0.04791161631694233, "train/log_var": -4.61265311040722, "_timestamp": 1716767615.009964, "val/AUC": 0.8163147635627771, "val/AP": 0.875702967708802, "val/PixAUC": 0.8277629745371272, "val/PixAP": 0.19367504407298114, "val/BestDice": 0.3365934861501146, "val/BestThresh": 3.0194785594940186, "val/normal_score": 1.148964285850525, "val/abnormal_score": 1.0851603746414185, "_runtime": 824.4017000198364, "_step": 250, "_wandb": {"runtime": 823}}