{"train/loss": 0.2962302281856537, "_timestamp": 1716234098.841505, "train/recon_loss": 0.2962302281856537, "train/embedding_loss": 0.0012103934027254582, "train/grad_penalty": 6.371093375090453e-13, "val/AUC": 0.7442199999999999, "val/AP": 0.7271105035713256, "val/normal_score": 0.3644687831401825, "val/abnormal_score": 0.413002610206604, "_runtime": 2025.1013340950012, "_step": 250, "_wandb": {"runtime": 2024}}