{"train/loss": 0.047728298376692846, "_timestamp": 1716155538.3560672, "train/recon_loss": 0.047687164102358036, "train/embedding_loss": 4.1134612410194546e-05, "train/grad_penalty": 8.329562918985078e-13, "val/AUC": 0.754516745206859, "val/AP": 0.6441884823152927, "val/normal_score": 0.04759703576564789, "val/abnormal_score": 0.0714438185095787, "_runtime": 879.4946231842041, "_step": 250, "_wandb": {"runtime": 878}}