{"train/loss": 0.040978349963823955, "_timestamp": 1716151801.8207967, "train/recon_loss": 0.04079176527261734, "train/embedding_loss": 0.00018658475830064466, "train/grad_penalty": 7.906436064302376e-13, "val/AUC": 0.7312994415565263, "val/AP": 0.7258324597250676, "val/normal_score": 0.04811658710241318, "val/abnormal_score": 0.06059300899505615, "_runtime": 238.7637107372284, "_step": 250, "_wandb": {"runtime": 237}}