{"train/loss": 0.013001881178030254, "_timestamp": 1715940247.4908478, "val/AUC": 0.652779, "val/AP": 0.649048855681059, "val/normal_score": 0.017478836700320244, "val/abnormal_score": 0.023827677592635155, "_runtime": 524.8012459278107, "_step": 250, "_wandb": {"runtime": 523}}