{"_wandb": {"runtime": 15}, "train/loss": 0.242874121012547, "_timestamp": 1715590406.894726, "_runtime": 7.491349935531616, "_step": 1}