{"train/loss": 0.025631077349185943, "train/recon_loss": 0.017373321913182735, "train/kl_loss": 1.110952088356018, "train/embedding": 0.0027029949706047773, "traing/grad": 1.3957693507926638e-13, "_timestamp": 1716603964.6879811, "val/AUC": 0.53497, "val/AP": 0.5725471818330166, "val/normal_score": 0.018457606434822083, "val/abnormal_score": 0.020811405032873154, "_runtime": 571.9664130210876, "_step": 250, "_wandb": {"runtime": 571}}