{"_wandb": {"runtime": 5}, "train/loss": 1120.5701850197202, "_timestamp": 1715883794.6660633, "_runtime": 6.294760227203369, "_step": 1}