{"train/g_loss": 1.007837422688802, "train/adv_loss": 0.6090982203483581, "train/recon_loss": 0.007895747204621634, "train/enc_loss": 0.003951860980441173, "train/d_loss": 0.06641403791805109, "_timestamp": 1716727811.4149208, "val/AUC": 0.731012085671584, "val/AP": 0.6677067025953455, "_runtime": 242.74065279960632, "_step": 250, "_wandb": {"runtime": 241}}