{"train/loss": 0.0032899576447984673, "_timestamp": 1716080298.607976, "train/recon_loss": 0.0032523949039540215, "train/embedding_loss": 3.75627287436223e-05, "train/grad_penalty": 1.859324756506308e-12, "val/AUC": 0.7417295626743436, "val/AP": 0.6297803859247915, "val/normal_score": 0.006173974368721247, "val/abnormal_score": 0.012731289491057396, "_runtime": 872.6986379623413, "_step": 250, "_wandb": {"runtime": 871}}