{"train/loss": 0.00866641377657652, "_timestamp": 1715113565.0067353, "val/AUC": 0.5647519999999999, "val/AP": 0.6012274667012506, "val/normal_score": 0.013200199231505394, "val/abnormal_score": 0.016370102763175964, "_runtime": 447.4489862918854, "_step": 250, "_wandb": {"runtime": 446}}