{"train/loss": 0.028809857454370504, "train/recon_loss": 0.01930579499921236, "train/kl_loss": 1.2874492516736804, "train/embedding": 0.0030668163672089577, "traing/grad": 7.16389702551043e-14, "_timestamp": 1716601549.8478987, "val/AUC": 0.664868, "val/AP": 0.6548926004776986, "val/normal_score": 0.021835725754499435, "val/abnormal_score": 0.028651360422372818, "_runtime": 560.1850488185883, "_step": 250, "_wandb": {"runtime": 559}}