{"train/loss": 0.0038673608899116516, "_timestamp": 1716073404.4712622, "train/recon_loss": 0.003843423396348953, "train/embedding_loss": 2.3937504966549266e-05, "train/grad_penalty": 7.760874813171152e-13, "val/AUC": 0.7990454919335098, "val/AP": 0.7632129965913799, "val/normal_score": 0.00413111038506031, "val/abnormal_score": 0.007119544316083193, "_runtime": 237.61292624473572, "_step": 250, "_wandb": {"runtime": 236}}