{"train/loss": 0.006192573159866741, "_timestamp": 1715884562.3271773, "val/AUC": 0.6644151935839062, "val/AP": 0.8189783669360395, "val/PixAUC": 0.6749864619288849, "val/PixAP": 0.06758161548128376, "val/BestDice": 0.12160424852785812, "val/BestThresh": 0.373358815908432, "val/normal_score": 0.09979952871799469, "val/abnormal_score": 0.1398591846227646, "_runtime": 54.82197022438049, "_step": 25, "_wandb": {"runtime": 54}}