{"train/loss": 0.10422487463216362, "train/recon_loss": 0.09419565146449227, "train/kl_loss": 1.3418267717901267, "train/embedding": 0.003320089541375637, "traing/grad": 9.916520729569278e-13, "_timestamp": 1716635259.5051026, "val/AUC": 0.4124671094853036, "val/AP": 0.42153215258527066, "val/normal_score": 0.00011878857185365632, "val/abnormal_score": 9.27564688026905e-05, "_runtime": 808.1801526546478, "_step": 250, "_wandb": {"runtime": 807}}