{"train/g_loss": 0.9188667526185683, "train/adv_loss": 0.3259423815238262, "train/recon_loss": 0.011774940141487573, "train/enc_loss": 0.004177363626891082, "train/d_loss": 0.04404920795596256, "_timestamp": 1715107276.1970375, "val/AUC": 0.793052, "val/AP": 0.7410805930059944, "_runtime": 553.3567554950714, "_step": 250, "_wandb": {"runtime": 552}}