{"train/loss": 0.02623187893629074, "train/recon_loss": 0.018034509241580964, "train/kl_loss": 1.1016343412399292, "train/embedding": 0.0026891976594924927, "traing/grad": 1.8661176662097823e-13, "_timestamp": 1716603355.8807118, "val/AUC": 0.536544, "val/AP": 0.5734314493879327, "val/normal_score": 0.018587322905659676, "val/abnormal_score": 0.020910920575261116, "_runtime": 572.658353805542, "_step": 250, "_wandb": {"runtime": 571}}