{"train/loss": 0.00879458736628294, "_timestamp": 1715973501.0205889, "train/recon_loss": 0.008699577271938324, "train/embedding_loss": 9.501008613733575e-05, "train/grad_penalty": 2.5010839701383735e-12, "val/AUC": 0.562061, "val/AP": 0.6015114406980151, "val/normal_score": 0.01363379880785942, "val/abnormal_score": 0.01676948554813862, "_runtime": 539.9318969249725, "_step": 250, "_wandb": {"runtime": 539}}