{"train/loss": 0.008965326339006425, "_timestamp": 1716113261.3242261, "train/recon_loss": 0.008848569981753826, "train/embedding_loss": 0.00011675638722954318, "train/grad_penalty": 5.735927722377854e-12, "val/AUC": 0.563176, "val/AP": 0.6019036216603368, "val/normal_score": 0.013288332149386406, "val/abnormal_score": 0.016349676996469498, "_runtime": 557.0014970302582, "_step": 250, "_wandb": {"runtime": 556}}