{"train/loss": 0.010127547368507855, "_timestamp": 1715967795.9817183, "train/recon_loss": 0.010010429979641773, "train/embedding_loss": 0.00011711736103946401, "train/grad_penalty": 7.641780524319756e-12, "val/AUC": 0.6851050000000001, "val/AP": 0.6741534954302194, "val/normal_score": 0.01744106598198414, "val/abnormal_score": 0.025198986753821373, "_runtime": 523.4317781925201, "_step": 250, "_wandb": {"runtime": 522}}