{"train/loss": 0.0015737328559936076, "_timestamp": 1716555832.3584683, "train/recon_loss": 0.0015576217185645743, "train/embedding_loss": 1.6111113410684275e-05, "train/grad_penalty": 1.4964369036810796e-13, "val/AUC": 0.716171175192691, "val/AP": 0.8361325207961143, "val/PixAUC": 0.8502398913816435, "val/PixAP": 0.1828393374312474, "val/BestDice": 0.25130535729027903, "val/BestThresh": 0.013730090111494064, "val/normal_score": 0.0022347827907651663, "val/abnormal_score": 0.0033936917316168547, "_runtime": 934.5440373420715, "_step": 250, "_wandb": {"runtime": 933}}