{"train/loss": 0.01008805776485543, "_timestamp": 1716063344.175199, "train/recon_loss": 0.009955279345296941, "train/embedding_loss": 0.00013277831159242348, "train/grad_penalty": 2.0174622179431594e-11, "val/AUC": 0.701487, "val/AP": 0.6880587812889161, "val/normal_score": 0.017588907852768898, "val/abnormal_score": 0.026031456887722015, "_runtime": 539.4140920639038, "_step": 250, "_wandb": {"runtime": 538}}