{"train/loss": 0.07734538267993327, "_timestamp": 1716085512.577743, "train/recon_loss": 0.07710293769461554, "train/embedding_loss": 0.00024244404228041007, "train/grad_penalty": 4.5016513201194775e-12, "val/AUC": 0.35994657296881016, "val/AP": 0.39976894706758376, "val/normal_score": 0.1248287484049797, "val/abnormal_score": 0.10119125992059708, "_runtime": 770.0548369884491, "_step": 250, "_wandb": {"runtime": 769}}