{"train/loss": 0.21475413338568225, "_timestamp": 1716166912.6273253, "train/recon_loss": 0.21444007463800083, "train/embedding_loss": 0.00031405740323089905, "train/grad_penalty": 8.996807022734212e-12, "val/AUC": 0.35772044666923375, "val/AP": 0.3962853355135277, "val/normal_score": 0.27391570806503296, "val/abnormal_score": 0.24431128799915314, "_runtime": 770.7767012119293, "_step": 250, "_wandb": {"runtime": 769}}