{"train/loss": 0.01082112069427967, "_timestamp": 1716116261.0601246, "train/recon_loss": 0.010713553205132485, "train/embedding_loss": 0.00010756754968315363, "train/grad_penalty": 1.9485032441701743e-12, "val/AUC": 0.8706027777777777, "val/AP": 0.7792853619557492, "val/normal_score": 0.018474705517292023, "val/abnormal_score": 0.04403940960764885, "_runtime": 380.15826773643494, "_step": 600, "_wandb": {"runtime": 379}}