{"train/loss": 0.01061252404901075, "_timestamp": 1715946054.7237115, "val/AUC": 0.687628, "val/AP": 0.6731969267944168, "val/normal_score": 0.01761835440993309, "val/abnormal_score": 0.025349650532007217, "_runtime": 552.1034004688263, "_step": 250, "_wandb": {"runtime": 551}}