{"_wandb": {"runtime": 5}, "train/loss": 942.4812009780148, "_timestamp": 1715883589.3913932, "_runtime": 6.3528892993927, "_step": 1}