{"train/g_loss": 0.9411301024754842, "train/adv_loss": 0.5617331983248393, "train/recon_loss": 0.007517674739162128, "train/enc_loss": 0.0035131619796156884, "train/d_loss": 0.08537378891309103, "_timestamp": 1716728086.581085, "val/AUC": 0.7535535584237085, "val/AP": 0.6796630187647913, "_runtime": 247.62815403938293, "_step": 250, "_wandb": {"runtime": 246}}