{"train/loss": 0.010282649626334508, "train/recon_loss": 0.006525125845024983, "train/kl_loss": 0.7515047845840455, "train/embedding": 0.0, "traing/grad": 0.0, "_timestamp": 1716627969.857005, "val/AUC": 0.8197244728387872, "val/AP": 0.7991328010712153, "val/normal_score": 1.2200518540339544e-05, "val/abnormal_score": 2.7638989195111208e-05, "_runtime": 261.76649284362793, "_step": 250, "_wandb": {"runtime": 260}}