{"train/loss": 0.011635119318962097, "_timestamp": 1716064529.8015504, "train/recon_loss": 0.011616570279002189, "train/embedding_loss": 1.854899720638059e-05, "train/grad_penalty": 1.0936249156268119e-11, "val/AUC": 0.552819, "val/AP": 0.5918237721585238, "val/normal_score": 0.013671236112713814, "val/abnormal_score": 0.016377929598093033, "_runtime": 558.9920873641968, "_step": 250, "_wandb": {"runtime": 558}}