{"train/loss": 0.0032790593788691704, "_timestamp": 1716129432.456209, "train/recon_loss": 0.003241060128141025, "train/embedding_loss": 3.7999231306330155e-05, "train/grad_penalty": 8.75754964186559e-12, "val/AUC": 0.7406768869258401, "val/AP": 0.6313661563359704, "val/normal_score": 0.0062140836380422115, "val/abnormal_score": 0.012813052162528038, "_runtime": 876.6856150627136, "_step": 250, "_wandb": {"runtime": 875}}