{"train/loss": 0.20830515705401131, "_timestamp": 1716265477.1151843, "train/recon_loss": 0.20830515705401131, "train/embedding_loss": 0.0003831373948950101, "train/grad_penalty": 8.179745004864908e-13, "val/AUC": 0.8531703518535051, "val/AP": 0.9256906380124135, "val/PixAUC": 0.9406929803608196, "val/PixAP": 0.45620533256078827, "val/BestDice": 0.45765853257285993, "val/BestThresh": 0.6279151439666748, "val/normal_score": 0.2584760785102844, "val/abnormal_score": 0.31397831439971924, "_runtime": 2341.385939359665, "_step": 250, "_wandb": {"runtime": 2340}}