{"train/loss": 0.0029437840977921195, "_timestamp": 1716097267.2810128, "train/recon_loss": 0.002919948528189238, "train/embedding_loss": 2.383555651747532e-05, "train/grad_penalty": 9.1697449639087e-13, "val/AUC": 0.8242821821464353, "val/AP": 0.918169705779948, "val/PixAUC": 0.9149390840498428, "val/PixAP": 0.34153612414879814, "val/BestDice": 0.40133827950648476, "val/BestThresh": 0.07195889949798584, "val/normal_score": 0.005942203104496002, "val/abnormal_score": 0.01356850378215313, "_runtime": 805.4912028312683, "_step": 250, "_wandb": {"runtime": 804}}