{"train/g_loss": 0.36909378246973024, "train/adv_loss": 0.14098851713647068, "train/recon_loss": 0.004513632897343167, "train/enc_loss": 0.002423620143923339, "train/d_loss": 0.09992141710076201, "_timestamp": 1716730646.0274215, "val/AUC": 0.6707660815832827, "val/AP": 0.5712831485520664, "_runtime": 973.2969045639038, "_step": 250, "_wandb": {"runtime": 972}}