{"train/loss": 0.006052501268536242, "train/recon_loss": 0.006029388546741078, "train/entro_loss": 0.11556369320311871, "_timestamp": 1715150228.5191674, "val/AUC": 0.6475147308276047, "val/AP": 0.7933548809418977, "val/PixAUC": 0.8986639016753486, "val/PixAP": 0.2182410819698647, "val/BestDice": 0.3163584517738911, "val/BestThresh": 0.14207829535007477, "val/normal_score": 0.028497833758592606, "val/abnormal_score": 0.034524910151958466, "_runtime": 532.0299444198608, "_step": 250, "_wandb": {"runtime": 531}}