{"train/loss": 0.0034681734284156855, "_timestamp": 1716585810.2884088, "train/recon_loss": 0.0034681734284156855, "train/embedding_loss": 0.0, "train/grad_penalty": 0.0, "val/AUC": 0.7492661372273214, "val/AP": 0.6357243116059815, "val/normal_score": 0.005973956547677517, "val/abnormal_score": 0.01264495775103569, "_runtime": 1090.1436257362366, "_step": 250, "_wandb": {"runtime": 1089}}