{"train/loss": 0.0041040323544855395, "_timestamp": 1716092106.963021, "train/recon_loss": 0.0041034118929443066, "train/embedding_loss": 6.204444157728997e-07, "train/grad_penalty": 1.2898539178052286e-11, "val/AUC": 0.818989375948576, "val/AP": 0.9164926968535, "val/PixAUC": 0.9041318857065822, "val/PixAP": 0.2885886953964815, "val/BestDice": 0.3632253341710425, "val/BestThresh": 0.06399977952241898, "val/normal_score": 0.006084342487156391, "val/abnormal_score": 0.013225884176790714, "_runtime": 808.4784030914307, "_step": 250, "_wandb": {"runtime": 807}}