{"train/loss": 0.02874511110414254, "train/recon_loss": 0.01924243689616511, "train/kl_loss": 1.287798534365822, "train/embedding": 0.0030636817682534456, "traing/grad": 7.029716164643623e-14, "_timestamp": 1716622535.7880712, "val/AUC": 0.656504, "val/AP": 0.6447768291453729, "val/normal_score": 3.708637450472452e-05, "val/abnormal_score": 5.1865445129806176e-05, "_runtime": 575.3865962028503, "_step": 250, "_wandb": {"runtime": 574}}