{"train/loss": 0.010119545409880082, "_timestamp": 1715937238.7739413, "val/AUC": 0.665214, "val/AP": 0.6567641100982426, "val/normal_score": 0.017426850274205208, "val/abnormal_score": 0.024288611486554146, "_runtime": 530.2057383060455, "_step": 250, "_wandb": {"runtime": 529}}