{"train/g_loss": 0.9557421172403027, "train/adv_loss": 0.626125373394075, "train/recon_loss": 0.006516972638938873, "train/enc_loss": 0.0037681114284834204, "train/d_loss": 0.07252424965646621, "_timestamp": 1716729624.5297194, "val/AUC": 0.6702607242482126, "val/AP": 0.5673190452337891, "_runtime": 943.6439363956451, "_step": 250, "_wandb": {"runtime": 942}}