{"train/g_loss": 0.8702107602761833, "train/adv_loss": 0.2747074023094217, "train/recon_loss": 0.011840316923337613, "train/enc_loss": 0.0034875163813422707, "train/d_loss": 0.07408263739967495, "_timestamp": 1716722680.1202981, "val/AUC": 0.7826839999999999, "val/AP": 0.7321409952159462, "_runtime": 566.3338272571564, "_step": 250, "_wandb": {"runtime": 565}}