{"train/loss": 0.0029396690582850784, "_timestamp": 1716095547.6053298, "train/recon_loss": 0.002912824886988798, "train/embedding_loss": 2.6844150505978952e-05, "train/grad_penalty": 1.7664143999142891e-12, "val/AUC": 0.8247918092630617, "val/AP": 0.9178466497443379, "val/PixAUC": 0.9082337133529548, "val/PixAP": 0.3079346317567645, "val/BestDice": 0.37592972058727375, "val/BestThresh": 0.07391978800296783, "val/normal_score": 0.0059728375636041164, "val/abnormal_score": 0.013789921067655087, "_runtime": 804.7143547534943, "_step": 250, "_wandb": {"runtime": 803}}