{"train/loss": 0.07675424611793374, "_timestamp": 1716087147.4307978, "train/recon_loss": 0.07657289575293379, "train/embedding_loss": 0.00018135063983895376, "train/grad_penalty": 2.9165549719601534e-12, "val/AUC": 0.36552833397509954, "val/AP": 0.401768577348453, "val/normal_score": 0.12432684004306793, "val/abnormal_score": 0.10146325081586838, "_runtime": 772.527715921402, "_step": 250, "_wandb": {"runtime": 771}}