{"train/loss": 0.07534226181212415, "_timestamp": 1716139444.7088938, "train/recon_loss": 0.07516855736640607, "train/embedding_loss": 0.00017370409311281585, "train/grad_penalty": 2.603302868221005e-12, "val/AUC": 0.671551, "val/AP": 0.6740411633137559, "val/normal_score": 0.09097720682621002, "val/abnormal_score": 0.10805493593215942, "_runtime": 533.7996606826782, "_step": 250, "_wandb": {"runtime": 532}}