{"_wandb": {"runtime": 14}, "train/loss": 0.09827458310312329, "_timestamp": 1716136820.7777536, "train/recon_loss": 0.09827458310312329, "train/embedding_loss": 0.0, "train/grad_penalty": 0.0, "_runtime": 6.412706613540649, "_step": 1}