{"train/loss": 0.00905049553513527, "_timestamp": 1716068674.1691983, "train/recon_loss": 0.008922301694750785, "train/embedding_loss": 0.00012819392571691423, "train/grad_penalty": 2.2362830587319137e-11, "val/AUC": 0.5676519999999999, "val/AP": 0.6054170125453744, "val/normal_score": 0.01332978904247284, "val/abnormal_score": 0.016509216278791428, "_runtime": 555.5849752426147, "_step": 250, "_wandb": {"runtime": 554}}