{"train/loss": 0.06841966760158538, "_timestamp": 1716149629.0352404, "train/recon_loss": 0.06819736915826798, "train/embedding_loss": 0.00022229743213392794, "train/grad_penalty": 4.5394829995687445e-13, "val/AUC": 0.8018694444444445, "val/AP": 0.7220347671929027, "val/normal_score": 0.08044970780611038, "val/abnormal_score": 0.12272743135690689, "_runtime": 387.57653045654297, "_step": 600, "_wandb": {"runtime": 385}}