{"train/loss": 0.008890375398704988, "_timestamp": 1715961742.9797544, "val/AUC": 0.675062, "val/AP": 0.6634522517948188, "val/normal_score": 0.01768059842288494, "val/abnormal_score": 0.025139715522527695, "_runtime": 755.8799104690552, "_step": 350, "_wandb": {"runtime": 755}}