{"train/loss": 0.09883429122612329, "_timestamp": 1716212851.6767368, "train/recon_loss": 0.09883429122612329, "train/embedding_loss": 0.0, "train/grad_penalty": 0.0, "val/AUC": 0.801772411193445, "val/AP": 0.8592414867958209, "val/PixAUC": 0.9306951927518244, "val/PixAP": 0.25907161366484405, "val/BestDice": 0.35969029632288535, "val/BestThresh": 0.7014498710632324, "val/normal_score": 0.1637842357158661, "val/abnormal_score": 0.22593267261981964, "_runtime": 644.4951078891754, "_step": 250, "_wandb": {"runtime": 643}}