{"train/loss": 0.09627642263968786, "_timestamp": 1716199556.6624248, "train/recon_loss": 0.09627642263968786, "train/embedding_loss": 0.01542903532087803, "train/grad_penalty": 6.718299157372371e-15, "val/AUC": 0.6855490397904278, "val/AP": 0.6494094102201298, "val/normal_score": 0.15965741872787476, "val/abnormal_score": 0.20162318646907806, "_runtime": 190.42305278778076, "_step": 250, "_wandb": {"runtime": 189}}