{"train/loss": 0.0029311711639847062, "_timestamp": 1715996802.756509, "train/recon_loss": 0.0029311711639847062, "train/embedding_loss": 0.0, "train/grad_penalty": 0.0, "val/AUC": 0.8270429723536589, "val/AP": 0.9206489388241021, "val/PixAUC": 0.8994693202760236, "val/PixAP": 0.29808554329019016, "val/BestDice": 0.36211761019401845, "val/BestThresh": 0.0747852772474289, "val/normal_score": 0.005950200837105513, "val/abnormal_score": 0.013924228958785534, "_runtime": 784.7501571178436, "_step": 250, "_wandb": {"runtime": 783}}