{"train/loss": 0.12840444087982178, "_timestamp": 1716196872.5431628, "train/recon_loss": 0.12840444087982178, "train/embedding_loss": 0.009490467585623264, "train/grad_penalty": 1.6701160531715783e-15, "val/AUC": 0.9262805555555557, "val/AP": 0.8603970236066317, "val/normal_score": 0.19713115692138672, "val/abnormal_score": 0.6400201320648193, "_runtime": 307.74438285827637, "_step": 600, "_wandb": {"runtime": 306}}