{"train/loss": 0.02037062329053879, "train/recon_loss": 0.012731705255806447, "train/kl_loss": 1.527783595085144, "_timestamp": 1715120382.746282, "val/AUC": 0.8682138888888888, "val/AP": 0.7823537336757873, "val/normal_score": 8.036811777856201e-05, "val/abnormal_score": 0.00018079666187986732, "_runtime": 244.75999808311462, "_step": 600, "_wandb": {"runtime": 243}}