{"train/loss": 0.0069700500686133, "_timestamp": 1715547204.8911712, "val/AUC": 0.560181878602109, "val/AP": 0.720169574092058, "val/PixAUC": 0.6063061846155418, "val/PixAP": 0.05352491854417032, "val/BestDice": 0.10515833986479117, "val/BestThresh": 0.40656349062919617, "val/normal_score": 0.109061099588871, "val/abnormal_score": 0.11748141795396805, "_runtime": 44.686429262161255, "_step": 18}