{"train/loss": 0.003122267749160528, "_timestamp": 1715979113.2809489, "train/recon_loss": 0.0030197309932361045, "train/embedding_loss": 0.00010253673782184099, "train/grad_penalty": 2.194872566104363e-12, "val/AUC": 0.8038849299322965, "val/AP": 0.7717033642968252, "val/normal_score": 0.0038109654560685158, "val/abnormal_score": 0.006820335518568754, "_runtime": 230.30845093727112, "_step": 250, "_wandb": {"runtime": 229}}