{"train/loss": 0.01093997347354889, "_timestamp": 1716116668.5585778, "train/recon_loss": 0.010906320683658124, "train/embedding_loss": 3.365277696866542e-05, "train/grad_penalty": 6.278458690445188e-12, "val/AUC": 0.8677055555555555, "val/AP": 0.7788903120617301, "val/normal_score": 0.01828714646399021, "val/abnormal_score": 0.043386731296777725, "_runtime": 382.80860567092896, "_step": 600, "_wandb": {"runtime": 381}}