{"train/loss": 0.07714294520376613, "_timestamp": 1716570711.7870092, "train/recon_loss": 0.07706340917813703, "train/embedding_loss": 7.953579819822719e-05, "train/grad_penalty": 1.9503470455963525e-11, "val/AUC": 0.40841275189321014, "val/AP": 0.4272539333496612, "val/normal_score": 7.811927935108542e-05, "val/abnormal_score": 6.820903217885643e-05, "_runtime": 857.8307511806488, "_step": 250, "_wandb": {"runtime": 856}}