{"train/loss": 0.010805546291172504, "_timestamp": 1716070308.4323056, "train/recon_loss": 0.010771848782896996, "train/embedding_loss": 3.369735021260567e-05, "train/grad_penalty": 5.7371478262568945e-12, "val/AUC": 0.8672527777777778, "val/AP": 0.777535615058548, "val/normal_score": 0.018437456339597702, "val/abnormal_score": 0.04363834485411644, "_runtime": 381.33769369125366, "_step": 600, "_wandb": {"runtime": 380}}