{"train/loss": 0.027400591302989528, "_timestamp": 1716175384.4558098, "train/recon_loss": 0.027335562795662478, "train/embedding_loss": 6.502847314853545e-05, "train/grad_penalty": 1.9530257242227482e-13, "val/AUC": 0.815816296164033, "val/AP": 0.9003978573278724, "val/PixAUC": 0.908982277732738, "val/PixAP": 0.2782494877489647, "val/BestDice": 0.3534863881859945, "val/BestThresh": 0.24443727731704712, "val/normal_score": 0.03343377262353897, "val/abnormal_score": 0.05170603469014168, "_runtime": 806.9641969203949, "_step": 250, "_wandb": {"runtime": 806}}