{"train/loss": 0.003496517108132442, "_timestamp": 1716584672.3252666, "train/recon_loss": 0.0034166526099046073, "train/embedding_loss": 7.98644512736549e-05, "train/grad_penalty": 1.9741112934161067e-12, "val/AUC": 0.7849414873479788, "val/AP": 0.7502837558123183, "val/normal_score": 0.004060100764036179, "val/abnormal_score": 0.006781540345400572, "_runtime": 283.6376416683197, "_step": 250, "_wandb": {"runtime": 282}}