{"train/loss": 0.004821019298816111, "train/recon_loss": 0.004785303909767696, "train/entro_loss": 0.17857695011918773, "_timestamp": 1716701920.825395, "val/AUC": 0.6332975602376771, "val/AP": 0.8134283801988269, "val/PixAUC": 0.7529626729031087, "val/PixAP": 0.06797277935470947, "val/BestDice": 0.12831433015885904, "val/BestThresh": 0.005513343028724194, "val/normal_score": 0.04091982543468475, "val/abnormal_score": 0.04745262488722801, "_runtime": 852.1721529960632, "_step": 250, "_wandb": {"runtime": 851}}