{"train/loss": 0.07587379235891425, "_timestamp": 1715134761.9222791, "val/AUC": 0.367967847516365, "val/AP": 0.4024233559941908, "val/normal_score": 0.12571381032466888, "val/abnormal_score": 0.1022295132279396, "_runtime": 403.03932309150696, "_step": 250, "_wandb": {"runtime": 402}}