{"train/loss": 0.0012920199446678773, "_timestamp": 1716544768.8360374, "train/recon_loss": 0.0012920199446678773, "train/embedding_loss": 0.0, "train/grad_penalty": 0.0, "val/AUC": 0.7492095809912667, "val/AP": 0.5955136198151725, "val/normal_score": 0.0012123892083764076, "val/abnormal_score": 0.0020289800595492125, "_runtime": 1029.8715155124664, "_step": 250, "_wandb": {"runtime": 1029}}