{"train/loss": 0.00982819053863501, "train/recon_loss": 0.006681859415184642, "train/kl_loss": 0.5000907336623786, "train/embedding": 0.0006458773859776556, "traing/grad": 4.7705413973525915e-14, "_timestamp": 1716617984.4375944, "val/AUC": 0.8017035929331706, "val/AP": 0.9074372664875774, "val/PixAUC": 0.945306614457995, "val/PixAP": 0.4560163027747795, "val/BestDice": 0.4805666962334982, "val/BestThresh": 0.09924289584159851, "val/normal_score": 0.00957044493407011, "val/abnormal_score": 0.018003810197114944, "_runtime": 822.4473373889923, "_step": 250, "_wandb": {"runtime": 821}}