{"train/loss": 0.11503395223617553, "_timestamp": 1716192520.3424244, "train/recon_loss": 0.11503395223617553, "train/embedding_loss": 0.10325095307826995, "train/grad_penalty": 2.36175633222405e-15, "val/AUC": 0.5429919999999999, "val/AP": 0.5542945649096034, "val/normal_score": 0.17437218129634857, "val/abnormal_score": 0.18726028501987457, "_runtime": 408.6496675014496, "_step": 250, "_wandb": {"runtime": 407}}