{"train/loss": 0.4974430162201887, "_timestamp": 1715135806.4912477, "val/AUC": 0.40708870812475934, "val/AP": 0.4279715939926422, "val/normal_score": 0.8687795996665955, "val/abnormal_score": 0.8490411043167114, "_runtime": 559.8801805973053, "_step": 250, "_wandb": {"runtime": 559}}