{"train/loss": 0.01960532349348068, "train/recon_loss": 0.012515693575143814, "train/kl_loss": 1.4179260091781616, "train/embedding": 0.0, "traing/grad": 0.0, "_timestamp": 1716602747.4034631, "val/AUC": 0.5445, "val/AP": 0.5833448486253108, "val/normal_score": 0.01577582210302353, "val/abnormal_score": 0.018271954730153084, "_runtime": 571.694699048996, "_step": 250, "_wandb": {"runtime": 570}}