{"train/loss": 0.09836846594015758, "_timestamp": 1716199779.8047261, "train/recon_loss": 0.09836846594015758, "train/embedding_loss": 0.003195558525621891, "train/grad_penalty": 1.135758464092656e-14, "val/AUC": 0.6834143960737151, "val/AP": 0.6495895362324565, "val/normal_score": 0.1590452790260315, "val/abnormal_score": 0.2003636360168457, "_runtime": 191.06965923309326, "_step": 250, "_wandb": {"runtime": 190}}