{"train/loss": 0.09709514930563153, "train/recon_loss": 0.08676449963881534, "train/kl_loss": 1.5889271647675232, "train/embedding": 0.0023860137443989515, "traing/grad": 3.86488020406861e-12, "_timestamp": 1716614468.1231844, "val/AUC": 0.3552247785906816, "val/AP": 0.3980527166096367, "val/normal_score": 0.11714218556880951, "val/abnormal_score": 0.0941951796412468, "_runtime": 785.7114834785461, "_step": 250, "_wandb": {"runtime": 784}}