{"train/loss": 0.0026978418921374584, "_timestamp": 1715893021.9286864, "val/AUC": 0.8238450931960442, "val/AP": 0.91848713754317, "val/PixAUC": 0.9188081494497816, "val/PixAP": 0.3402071058923063, "val/BestDice": 0.40360829793243375, "val/BestThresh": 0.06572850048542023, "val/normal_score": 0.006066699977964163, "val/abnormal_score": 0.014002826996147633, "_runtime": 495.71678137779236, "_step": 250, "_wandb": {"runtime": 494}}