{"train/loss": 0.010109275673769784, "_timestamp": 1716576505.0411932, "train/recon_loss": 0.010109275673769784, "train/embedding_loss": 0.0, "train/grad_penalty": 0.0, "val/AUC": 0.685885, "val/AP": 0.6741117966550461, "val/normal_score": 0.017003925517201424, "val/abnormal_score": 0.024551985785365105, "_runtime": 660.9512093067169, "_step": 250, "_wandb": {"runtime": 660}}