{"train/loss": 0.003051297409115817, "_timestamp": 1715998491.0224402, "train/recon_loss": 0.0030243144581495575, "train/embedding_loss": 2.6982962470687025e-05, "train/grad_penalty": 5.993037675815852e-13, "val/AUC": 0.8198675837474829, "val/AP": 0.912137321484525, "val/PixAUC": 0.9000772730251838, "val/PixAP": 0.29372646611789643, "val/BestDice": 0.3609332920466868, "val/BestThresh": 0.07307213544845581, "val/normal_score": 0.006115163676440716, "val/abnormal_score": 0.013616526499390602, "_runtime": 788.128475189209, "_step": 250, "_wandb": {"runtime": 787}}