{"_wandb": {"runtime": 6}, "train/loss": 761.2047473940988, "_timestamp": 1715879733.876967, "_runtime": 7.20005989074707, "_step": 1}