{"_wandb": {"runtime": 5}, "train/loss": 545.8504825013179, "_timestamp": 1715881935.2195814, "_runtime": 6.341917276382446, "_step": 1}