{"train/loss": 0.0019392036854599913, "_timestamp": 1715121857.1014073, "val/AUC": 0.5597358150340342, "val/AP": 0.5663722307447145, "val/normal_score": 0.001773735275492072, "val/abnormal_score": 0.0019570710137486458, "_runtime": 123.0837082862854, "_step": 250, "_wandb": {"runtime": 122}}