{"train/loss": 0.07648226618766785, "_timestamp": 1716088773.1897962, "train/recon_loss": 0.07630421019762566, "train/embedding_loss": 0.0001780555511966828, "train/grad_penalty": 2.8856774614187142e-12, "val/AUC": 0.36543206905403675, "val/AP": 0.40199787999730774, "val/normal_score": 0.12465577572584152, "val/abnormal_score": 0.10173700749874115, "_runtime": 769.8176372051239, "_step": 250, "_wandb": {"runtime": 769}}