{"train/loss": 0.09914087882427783, "_timestamp": 1716217759.3567288, "train/recon_loss": 0.09914087882427783, "train/embedding_loss": 0.007464847642670927, "train/grad_penalty": 6.964706405252035e-16, "val/AUC": 0.7993650120524953, "val/AP": 0.8587256391011853, "val/PixAUC": 0.9322074473422234, "val/PixAP": 0.2653350898539356, "val/BestDice": 0.3669899064075269, "val/BestThresh": 0.7041784524917603, "val/normal_score": 0.16583439707756042, "val/abnormal_score": 0.22638848423957825, "_runtime": 645.1484677791595, "_step": 250, "_wandb": {"runtime": 644}}