{"train/loss": 0.005057858500149071, "_timestamp": 1716566195.0375454, "train/recon_loss": 0.005054704631323871, "train/embedding_loss": 3.153903627919364e-06, "train/grad_penalty": 7.617283990473144e-12, "val/AUC": 0.7534731914319126, "val/AP": 0.6359018468230817, "val/normal_score": 2.4622206183266826e-05, "val/abnormal_score": 3.7403304304461926e-05, "_runtime": 897.5603754520416, "_step": 250, "_wandb": {"runtime": 896}}