{"train/loss": 0.21587237265874754, "_timestamp": 1716167732.318536, "train/recon_loss": 0.21560371418793997, "train/embedding_loss": 0.00026865662280587283, "train/grad_penalty": 3.649309388044582e-12, "val/AUC": 0.3462994159928122, "val/AP": 0.39044962435959657, "val/normal_score": 0.27208176255226135, "val/abnormal_score": 0.23998327553272247, "_runtime": 775.3927900791168, "_step": 250, "_wandb": {"runtime": 774}}