{"train/loss": 0.012553055821393605, "train/recon_loss": 0.007447553897452924, "train/kl_loss": 0.8065303060210169, "train/embedding": 0.0010728506604209542, "traing/grad": 8.945041295128561e-14, "_timestamp": 1716632706.5601, "val/AUC": 0.7149748142310085, "val/AP": 0.6158669216037098, "val/normal_score": 1.6241874618572183e-05, "val/abnormal_score": 3.311184264020994e-05, "_runtime": 913.515673160553, "_step": 250, "_wandb": {"runtime": 912}}