{"train/loss": 0.11049288386680714, "_timestamp": 1715102884.2761302, "val/AUC": 0.8107139999999999, "val/AP": 0.7894596896754393, "val/normal_score": 0.1744900792837143, "val/abnormal_score": 0.26137539744377136, "_runtime": 353.7176113128662, "_step": 250, "_wandb": {"runtime": 352}}