{"train/loss": 0.10282049414077413, "_timestamp": 1716214958.6912832, "train/recon_loss": 0.10282049414077413, "train/embedding_loss": 0.005721961204701253, "train/grad_penalty": 7.756459893701132e-16, "val/AUC": 0.8005956809411858, "val/AP": 0.857786665995804, "val/PixAUC": 0.9284848265906028, "val/PixAP": 0.2543829963143142, "val/BestDice": 0.35850109558086796, "val/BestThresh": 0.7084541320800781, "val/normal_score": 0.1676894873380661, "val/abnormal_score": 0.23007351160049438, "_runtime": 646.1884801387787, "_step": 250, "_wandb": {"runtime": 645}}