{"train/g_loss": 5.056814352671306, "train/adv_loss": 0.45847141798937097, "train/recon_loss": 0.09176353276150781, "train/enc_loss": 0.01016627364563492, "train/d_loss": 0.07106923223685462, "_timestamp": 1716733510.5791464, "val/AUC": 0.49547394429469904, "val/AP": 0.4899217224177942, "_runtime": 800.7391903400421, "_step": 250, "_wandb": {"runtime": 799}}