{"train/loss": 0.0035476346334232757, "_timestamp": 1715983393.0944026, "train/recon_loss": 0.003508174196538487, "train/embedding_loss": 3.9460444406533856e-05, "train/grad_penalty": 7.497935593631779e-13, "val/AUC": 0.745591806278472, "val/AP": 0.6341819593004238, "val/normal_score": 0.006181263830512762, "val/abnormal_score": 0.01297484990209341, "_runtime": 851.2425925731659, "_step": 250, "_wandb": {"runtime": 850}}