{"train/loss": 0.005190987382181361, "_timestamp": 1716588097.907667, "train/recon_loss": 0.005183886834486241, "train/embedding_loss": 7.100503232833508e-06, "train/grad_penalty": 4.041279132753091e-12, "val/AUC": 0.7523749058156229, "val/AP": 0.6324354888663574, "val/normal_score": 0.005812159273773432, "val/abnormal_score": 0.011460211127996445, "_runtime": 1094.9361579418182, "_step": 250, "_wandb": {"runtime": 1094}}