{"train/loss": 0.01006907505672246, "_timestamp": 1716558595.9159617, "train/recon_loss": 0.009947622211814949, "train/embedding_loss": 0.00012145266479780398, "train/grad_penalty": 6.022029376071513e-12, "val/AUC": 0.75133, "val/AP": 0.7236399419018208, "val/normal_score": 5.724842776544392e-05, "val/abnormal_score": 7.710007776040584e-05, "_runtime": 625.7809417247772, "_step": 250, "_wandb": {"runtime": 621}}