{"train/loss": 0.002908806923816232, "_timestamp": 1716094687.862435, "train/recon_loss": 0.0028846938550300635, "train/embedding_loss": 2.411307169240485e-05, "train/grad_penalty": 4.398808769290732e-13, "val/AUC": 0.8244222986042913, "val/AP": 0.9182477430909063, "val/PixAUC": 0.9148144909773052, "val/PixAP": 0.3367586633450333, "val/BestDice": 0.3973634117245029, "val/BestThresh": 0.07275445759296417, "val/normal_score": 0.005969654303044081, "val/abnormal_score": 0.013616458512842655, "_runtime": 803.2670841217041, "_step": 250, "_wandb": {"runtime": 802}}