{"train/loss": 0.003798693262040615, "_timestamp": 1716540597.4844298, "train/recon_loss": 0.003749328579753637, "train/embedding_loss": 4.936465926584788e-05, "train/grad_penalty": 1.2469992042001694e-13, "val/AUC": 0.37299200000000005, "val/AP": 0.41685687246342046, "val/normal_score": 0.003905840218067169, "val/abnormal_score": 0.0032404994126409292, "_runtime": 673.6042177677155, "_step": 250, "_wandb": {"runtime": 672}}