{"train/loss": 0.009858342167159329, "_timestamp": 1715949573.1175134, "val/AUC": 0.7015009999999999, "val/AP": 0.6880059661330044, "val/normal_score": 0.017373034730553627, "val/abnormal_score": 0.025815587490797043, "_runtime": 544.1747744083405, "_step": 250, "_wandb": {"runtime": 543}}