{"train/loss": 0.013446218507053386, "_timestamp": 1716105690.7189226, "train/recon_loss": 0.013422156239842106, "train/embedding_loss": 2.4062355240260593e-05, "train/grad_penalty": 1.0989313148265128e-11, "val/AUC": 0.684284, "val/AP": 0.6740428456308614, "val/normal_score": 0.017496982589364052, "val/abnormal_score": 0.024988573044538498, "_runtime": 539.7661657333374, "_step": 250, "_wandb": {"runtime": 538}}