{"_wandb": {"runtime": 9}, "train/loss": 977.6831752729088, "_timestamp": 1715545439.4545057, "_runtime": 6.150911569595337, "_step": 1}