{"train/loss": 0.019622345864772798, "train/recon_loss": 0.012401022866368294, "train/kl_loss": 1.4442646522521974, "_timestamp": 1715112342.742688, "val/AUC": 0.5673119999999999, "val/AP": 0.5993250981449413, "val/normal_score": 0.01582673005759716, "val/abnormal_score": 0.019006820395588875, "_runtime": 295.9817168712616, "_step": 250, "_wandb": {"runtime": 295}}