{"_wandb": {"runtime": 5}, "train/loss": 1086.5887218974487, "_timestamp": 1715884809.160406, "_runtime": 6.414384126663208, "_step": 1}