{"train/loss": 0.0032711248090289296, "_timestamp": 1716083073.5206606, "train/recon_loss": 0.003232196500277637, "train/embedding_loss": 3.892833563869581e-05, "train/grad_penalty": 9.523993190179876e-12, "val/AUC": 0.7398814508316502, "val/AP": 0.6294840580193879, "val/normal_score": 0.006225740537047386, "val/abnormal_score": 0.012809219770133495, "_runtime": 874.7404606342316, "_step": 250, "_wandb": {"runtime": 873}}