{"train/loss": 0.009279952697455882, "_timestamp": 1715117913.4709454, "val/AUC": 0.6948083333333333, "val/AP": 0.6155474021242009, "val/normal_score": 0.015312978066504002, "val/abnormal_score": 0.020436352118849754, "_runtime": 197.75211238861084, "_step": 600, "_wandb": {"runtime": 196}}