{"train/loss": 0.02735171656736255, "_timestamp": 1716173659.8755555, "train/recon_loss": 0.027285989955141945, "train/embedding_loss": 6.572694099505793e-05, "train/grad_penalty": 1.8375972008946697e-13, "val/AUC": 0.821377555575395, "val/AP": 0.9037019803539997, "val/PixAUC": 0.906329251763906, "val/PixAP": 0.2745334755031432, "val/BestDice": 0.3482987394013453, "val/BestThresh": 0.24522219598293304, "val/normal_score": 0.033518481999635696, "val/abnormal_score": 0.05228176340460777, "_runtime": 809.0350625514984, "_step": 250, "_wandb": {"runtime": 808}}