{"train/loss": 0.11408427143096923, "_timestamp": 1716195192.4445074, "train/recon_loss": 0.11408427143096923, "train/embedding_loss": 0.10299219530820847, "train/grad_penalty": 2.190517886979833e-14, "val/AUC": 0.5490579999999999, "val/AP": 0.5565928124217834, "val/normal_score": 0.1741996854543686, "val/abnormal_score": 0.1880776733160019, "_runtime": 406.4188804626465, "_step": 250, "_wandb": {"runtime": 405}}