{"_wandb": {"runtime": 5}, "train/loss": 426.7354770697542, "_timestamp": 1715881696.321966, "_runtime": 6.325739860534668, "_step": 1}