{"train/loss": 0.012405173732120165, "_timestamp": 1716557929.092306, "train/recon_loss": 0.01236415924700289, "train/embedding_loss": 4.101447381035031e-05, "train/grad_penalty": 8.110000639542623e-12, "val/AUC": 0.716348, "val/AP": 0.6898868950543258, "val/normal_score": 5.7754710724111646e-05, "val/abnormal_score": 7.476254540961236e-05, "_runtime": 618.9380879402161, "_step": 250, "_wandb": {"runtime": 618}}