{"train/g_loss": 1.1471315851211548, "train/adv_loss": 0.47900902581214905, "train/recon_loss": 0.013297442436218262, "train/enc_loss": 0.003250431377440691, "train/d_loss": 0.03946199531108141, "_timestamp": 1716725748.1303465, "val/AUC": 0.629471, "val/AP": 0.60809626279312, "_runtime": 593.56143450737, "_step": 250, "_wandb": {"runtime": 592}}