{"train/loss": 0.12677593903920262, "_timestamp": 1716201546.3631773, "train/recon_loss": 0.12677593903920262, "train/embedding_loss": 0.00048405803993690165, "train/grad_penalty": 3.900111741300165e-14, "val/AUC": 0.7675046111576332, "val/AP": 0.6518294391269446, "val/normal_score": 0.19797375798225403, "val/abnormal_score": 0.3302452862262726, "_runtime": 609.4214942455292, "_step": 250, "_wandb": {"runtime": 608}}