{"train/loss": 0.004044400290653509, "train/recon_loss": 0.00403430476710395, "train/z_recon_loss": 1.0095527705244603e-05, "_timestamp": 1716678392.4366333, "val/AUC": 0.8219640607485443, "val/AP": 0.9163140578309722, "val/PixAUC": 0.9217864358830994, "val/PixAP": 0.3562194399327484, "val/BestDice": 0.4142300760060844, "val/BestThresh": 0.07148882746696472, "val/normal_score": 0.006091862916946411, "val/abnormal_score": 0.013231510296463966, "_runtime": 865.2786474227905, "_step": 250, "_wandb": {"runtime": 864}}