{"train/g_loss": 0.9861033346103223, "train/adv_loss": 0.4513494895377031, "train/recon_loss": 0.010632050985559322, "train/enc_loss": 0.00315129798058508, "train/d_loss": 0.031967231661003466, "_timestamp": 1716736731.19071, "val/AUC": 0.5566244085349522, "val/AP": 0.7263870987682441, "_runtime": 622.6810910701752, "_step": 250, "_wandb": {"runtime": 621}}