{"train/loss": 0.11857064117876831, "_timestamp": 1716206146.626798, "train/recon_loss": 0.11857064117876831, "train/embedding_loss": 0.08841992331520111, "train/grad_penalty": 9.711539939413269e-16, "val/AUC": 0.7657130555509946, "val/AP": 0.6478897284593385, "val/normal_score": 0.20044393837451935, "val/abnormal_score": 0.33095017075538635, "_runtime": 605.7563118934631, "_step": 250, "_wandb": {"runtime": 604}}