{"train/loss": 0.02250154158248666, "_timestamp": 1715888793.538015, "val/AUC": 0.5749089863008263, "val/AP": 0.7644129475179008, "val/PixAUC": 0.8503660217452541, "val/PixAP": 0.2514405318970666, "val/BestDice": 0.31614042489396227, "val/BestThresh": 0.3494100272655487, "val/normal_score": 0.0836782231926918, "val/abnormal_score": 0.09132160246372223, "_runtime": 37.216227769851685, "_step": 3, "_wandb": {"runtime": 37}}