{"train/loss": 0.0874976556092621, "_timestamp": 1715547082.6226614, "val/AUC": 0.6692346417482566, "val/AP": 0.8228963566506873, "val/PixAUC": 0.8998720435222374, "val/PixAP": 0.24665232970675116, "val/BestDice": 0.3072522911683113, "val/BestThresh": 0.1735352724790573, "val/normal_score": 0.03161482512950897, "val/abnormal_score": 0.046874143183231354, "_runtime": 495.2322244644165, "_step": 250, "_wandb": {"runtime": 494}}