{"train/loss": 0.03916614259001594, "_timestamp": 1716549978.3094456, "train/recon_loss": 0.039164167623849784, "train/embedding_loss": 1.9744977749529575e-06, "train/grad_penalty": 1.8728457458657957e-12, "val/AUC": 0.28846184700295213, "val/AP": 0.3670492872316597, "val/normal_score": 0.03921786695718765, "val/abnormal_score": 0.028356650844216347, "_runtime": 918.9292845726013, "_step": 250, "_wandb": {"runtime": 916}}