{"train/loss": 0.04252962982539007, "_timestamp": 1716159249.3079982, "train/recon_loss": 0.04230641873968705, "train/embedding_loss": 0.000223211195097391, "train/grad_penalty": 2.629138163186454e-12, "val/AUC": 0.7507876824166663, "val/AP": 0.6439948338407481, "val/normal_score": 0.04904193803668022, "val/abnormal_score": 0.07430499792098999, "_runtime": 875.0361061096191, "_step": 250, "_wandb": {"runtime": 874}}