{"train/loss": 0.012995694254835446, "train/recon_loss": 0.008738891251385212, "train/kl_loss": 0.5765148544311524, "train/embedding": 0.001374228741042316, "traing/grad": 8.626031915940236e-15, "_timestamp": 1716628263.1030195, "val/AUC": 0.8059572371871965, "val/AP": 0.7670964203723675, "val/normal_score": 1.2462965969461948e-05, "val/abnormal_score": 2.5962053769035265e-05, "_runtime": 262.3310194015503, "_step": 250, "_wandb": {"runtime": 261}}