{"train/loss": 0.010828213594853878, "_timestamp": 1715977123.5411553, "train/recon_loss": 0.010718290619552135, "train/embedding_loss": 0.00010992313380120321, "train/grad_penalty": 4.023931680918746e-12, "val/AUC": 0.8609472222222221, "val/AP": 0.7704762750762624, "val/normal_score": 0.018263014033436775, "val/abnormal_score": 0.04303012043237686, "_runtime": 373.1366333961487, "_step": 600, "_wandb": {"runtime": 371}}