{"_wandb": {"runtime": 5}, "train/loss": 1934.0318706641992, "_timestamp": 1715884065.7471511, "_runtime": 6.315615177154541, "_step": 1}