{"train/loss": 0.02153293924033642, "train/recon_loss": 0.013819118708372116, "train/kl_loss": 1.542764175415039, "_timestamp": 1715120112.5381086, "val/AUC": 0.8620166666666667, "val/AP": 0.7908951701290547, "val/normal_score": 7.862558413762599e-05, "val/abnormal_score": 0.00013262286665849388, "_runtime": 253.57551455497742, "_step": 600, "_wandb": {"runtime": 252}}