{"train/loss": 0.028733611271323182, "train/recon_loss": 0.01921288727682787, "train/kl_loss": 1.2901606099136895, "train/embedding": 0.0030699209310114384, "traing/grad": 7.070579744524602e-14, "_timestamp": 1716641735.7297027, "val/AUC": 0.6825595, "val/AP": 0.6627768555559173, "val/normal_score": 5.605984551948495e-05, "val/abnormal_score": 6.750767352059484e-05, "_runtime": 581.845942735672, "_step": 250, "_wandb": {"runtime": 581}}