{"train/loss": 0.0032224764190614224, "_timestamp": 1715120554.9071121, "val/AUC": 0.8010463403175511, "val/AP": 0.7726598766262572, "val/normal_score": 0.003661499358713627, "val/abnormal_score": 0.006579477805644274, "_runtime": 120.04550909996033, "_step": 250, "_wandb": {"runtime": 119}}