{"train/loss": 0.5056545846867111, "_timestamp": 1716210831.885239, "train/recon_loss": 0.5056545846867111, "train/embedding_loss": 0.01568730872522735, "train/grad_penalty": 1.6644574614898344e-14, "val/AUC": 0.3805717334103453, "val/AP": 0.40917198258709486, "val/normal_score": 0.8651827573776245, "val/abnormal_score": 0.84136962890625, "_runtime": 624.1436967849731, "_step": 250, "_wandb": {"runtime": 623}}