{"train/loss": 0.5025816372355575, "_timestamp": 1716206808.8729465, "train/recon_loss": 0.5025816372355575, "train/embedding_loss": 0.0, "train/grad_penalty": 0.0, "val/AUC": 0.3779408933384675, "val/AP": 0.40993019747437365, "val/normal_score": 0.8673131465911865, "val/abnormal_score": 0.8428953886032104, "_runtime": 625.4006214141846, "_step": 250, "_wandb": {"runtime": 624}}