{"train/loss": 0.0032747924152489454, "_timestamp": 1716126660.9911234, "train/recon_loss": 0.0032373676385930522, "train/embedding_loss": 3.7424773006520454e-05, "train/grad_penalty": 2.1116800924930898e-12, "val/AUC": 0.7399562510148195, "val/AP": 0.6290913021333211, "val/normal_score": 0.0062424358911812305, "val/abnormal_score": 0.01284739002585411, "_runtime": 874.6157383918762, "_step": 250, "_wandb": {"runtime": 873}}