{"train/loss": 0.002906202913572391, "_timestamp": 1715978586.026382, "train/recon_loss": 0.002906202913572391, "train/embedding_loss": 0.0, "train/grad_penalty": 0.0, "val/AUC": 0.7897223898887218, "val/AP": 0.7650728532019649, "val/normal_score": 0.0034804735332727432, "val/abnormal_score": 0.006216855254024267, "_runtime": 231.50559091567993, "_step": 250, "_wandb": {"runtime": 230}}