{"train/loss": 0.09257111281343976, "train/recon_loss": 0.08316077549689971, "train/kl_loss": 1.8820675169147036, "_timestamp": 1715143772.0624635, "val/AUC": 0.3578913169041201, "val/AP": 0.39500211323607526, "val/normal_score": 0.00010424076754134148, "val/abnormal_score": 8.09452249086462e-05, "_runtime": 456.996173620224, "_step": 250, "_wandb": {"runtime": 456}}