{"train/loss": 0.009473558016121387, "_timestamp": 1716542028.9572313, "train/recon_loss": 0.009442865662276746, "train/embedding_loss": 3.06921417650301e-05, "train/grad_penalty": 1.3466969987080412e-13, "val/AUC": 0.702938888888889, "val/AP": 0.6199602723957321, "val/normal_score": 0.01412880141288042, "val/abnormal_score": 0.019208338111639023, "_runtime": 440.6812102794647, "_step": 600, "_wandb": {"runtime": 439}}