{"train/loss": 0.4980050512829667, "_timestamp": 1716212166.84069, "train/recon_loss": 0.4980050512829667, "train/embedding_loss": 0.14791589319331092, "train/grad_penalty": 3.221413108928693e-14, "val/AUC": 0.3870611924014889, "val/AP": 0.41395378689079093, "val/normal_score": 0.8700133562088013, "val/abnormal_score": 0.8477083444595337, "_runtime": 624.0372879505157, "_step": 250, "_wandb": {"runtime": 623}}