{"train/loss": 0.025131149619817734, "train/recon_loss": 0.016522977337241174, "train/kl_loss": 1.1781880979537964, "train/embedding": 0.0027172325644642115, "traing/grad": 7.546284289724342e-14, "_timestamp": 1716605416.4033203, "val/AUC": 0.8311111111111111, "val/AP": 0.7471746816102913, "val/normal_score": 0.024521563202142715, "val/abnormal_score": 0.04762134701013565, "_runtime": 398.4300162792206, "_step": 600, "_wandb": {"runtime": 397}}