{"_wandb": {"runtime": 5}, "train/loss": 2780.0178506018233, "_timestamp": 1715882332.075168, "_runtime": 6.486166954040527, "_step": 1}