{"train/loss": 0.0032171226193507515, "_timestamp": 1715122562.2947276, "val/AUC": 0.7803856042303652, "val/AP": 0.7507755908509275, "val/normal_score": 0.003557016374543309, "val/abnormal_score": 0.006275307387113571, "_runtime": 180.87653350830078, "_step": 250, "_wandb": {"runtime": 180}}