{"train/loss": 0.001969229565423342, "_timestamp": 1716553867.9482527, "train/recon_loss": 0.0019680722385219834, "train/embedding_loss": 1.1573303285671735e-06, "train/grad_penalty": 1.9427763413473228e-13, "val/AUC": 0.7251807874296937, "val/AP": 0.8543768773610418, "val/PixAUC": 0.8396858748787661, "val/PixAP": 0.17939214363590883, "val/BestDice": 0.24114543269100733, "val/BestThresh": 0.01570347137749195, "val/normal_score": 0.0022619750816375017, "val/abnormal_score": 0.003585309023037553, "_runtime": 937.1931006908417, "_step": 250, "_wandb": {"runtime": 936}}