{"train/loss": 0.010172128569024224, "_timestamp": 1716578604.8199446, "train/recon_loss": 0.010052963346678215, "train/embedding_loss": 0.00011916534916797164, "train/grad_penalty": 5.455092684013001e-12, "val/AUC": 0.6789270000000001, "val/AP": 0.6666070194476386, "val/normal_score": 0.017650309950113297, "val/abnormal_score": 0.025035031139850616, "_runtime": 660.5702035427094, "_step": 250, "_wandb": {"runtime": 659}}