{"train/loss": 0.09900133696751197, "_timestamp": 1716215658.4414854, "train/recon_loss": 0.09900133696751197, "train/embedding_loss": 0.007436954815867812, "train/grad_penalty": 3.1226763637922037e-16, "val/AUC": 0.7993687319584561, "val/AP": 0.8590165803694407, "val/PixAUC": 0.9310585212604136, "val/PixAP": 0.2578689469975972, "val/BestDice": 0.3611736004742189, "val/BestThresh": 0.6989868879318237, "val/normal_score": 0.1630118489265442, "val/abnormal_score": 0.22468608617782593, "_runtime": 645.7931623458862, "_step": 250, "_wandb": {"runtime": 644}}