{"train/loss": 0.07648117985552962, "_timestamp": 1715892488.2864845, "val/AUC": 0.3788850917725581, "val/AP": 0.408418468608868, "val/normal_score": 0.12481924146413803, "val/abnormal_score": 0.10327289998531342, "_runtime": 402.5533263683319, "_step": 250, "_wandb": {"runtime": 401}}