{"train/loss": 0.03900443371136983, "_timestamp": 1716152878.258739, "train/recon_loss": 0.03855444453159968, "train/embedding_loss": 0.00044998946925625205, "train/grad_penalty": 8.119360571610483e-13, "val/AUC": 0.7664526448144426, "val/AP": 0.7445832901432796, "val/normal_score": 0.043912775814533234, "val/abnormal_score": 0.05663960054516792, "_runtime": 236.83982300758362, "_step": 250, "_wandb": {"runtime": 235}}