{"train/loss": 0.0032329943105578423, "_timestamp": 1716118966.9701965, "train/recon_loss": 0.0032329943105578423, "train/embedding_loss": 0.0, "train/grad_penalty": 0.0, "val/AUC": 0.7946728171975657, "val/AP": 0.760706209590029, "val/normal_score": 0.0034202567767351866, "val/abnormal_score": 0.006142381113022566, "_runtime": 237.57975840568542, "_step": 250, "_wandb": {"runtime": 236}}