{"train/loss": 0.04229954759702142, "_timestamp": 1716160173.7730713, "train/recon_loss": 0.04211263581777046, "train/embedding_loss": 0.00018691177317410108, "train/grad_penalty": 6.55675181168078e-13, "val/AUC": 0.7513769619084628, "val/AP": 0.6413409253160323, "val/normal_score": 0.04871777817606926, "val/abnormal_score": 0.07394608855247498, "_runtime": 872.3394322395325, "_step": 250, "_wandb": {"runtime": 871}}