{"train/loss": 0.03929595408837001, "_timestamp": 1716152071.6468878, "train/recon_loss": 0.038823985318342843, "train/embedding_loss": 0.0004719683967220287, "train/grad_penalty": 2.608849915611278e-13, "val/AUC": 0.7792437826981349, "val/AP": 0.7543280845258895, "val/normal_score": 0.0445173978805542, "val/abnormal_score": 0.05787685140967369, "_runtime": 238.31415486335754, "_step": 250, "_wandb": {"runtime": 237}}