{"train/loss": 0.21620566280757855, "_timestamp": 1716166098.5200408, "train/recon_loss": 0.21594037959035836, "train/embedding_loss": 0.0002652845645994065, "train/grad_penalty": 3.5943741131838487e-12, "val/AUC": 0.34749911757155694, "val/AP": 0.39109650179569777, "val/normal_score": 0.2720126509666443, "val/abnormal_score": 0.24061177670955658, "_runtime": 770.2383668422699, "_step": 250, "_wandb": {"runtime": 769}}