{"train/loss": 0.11462139940261841, "_timestamp": 1716194303.1010296, "train/recon_loss": 0.11462139940261841, "train/embedding_loss": 0.010047073617577553, "train/grad_penalty": 1.2737236084110238e-14, "val/AUC": 0.5478510000000001, "val/AP": 0.5594163700084733, "val/normal_score": 0.17454762756824493, "val/abnormal_score": 0.18861225247383118, "_runtime": 407.1214077472687, "_step": 250, "_wandb": {"runtime": 406}}