{"train/loss": 0.008833535246551037, "_timestamp": 1716067490.8045378, "train/recon_loss": 0.008742089204490185, "train/embedding_loss": 9.144590987125412e-05, "train/grad_penalty": 1.2633976226306131e-12, "val/AUC": 0.565812, "val/AP": 0.6044388819282064, "val/normal_score": 0.013176824897527695, "val/abnormal_score": 0.016366755589842796, "_runtime": 555.3377528190613, "_step": 250, "_wandb": {"runtime": 554}}