{"train/loss": 0.32466147615338864, "_timestamp": 1716249407.720991, "train/recon_loss": 0.32466147615338864, "train/embedding_loss": 0.0011170277513853934, "train/grad_penalty": 1.0811346812401834e-12, "val/AUC": 0.686437632154592, "val/AP": 0.5232157159225421, "val/normal_score": 0.4191454350948334, "val/abnormal_score": 0.4698629081249237, "_runtime": 3293.7392659187317, "_step": 250, "_wandb": {"runtime": 3292}}