{"train/loss": 0.008868822671572107, "train/recon_loss": 0.006014994318844501, "train/kl_loss": 0.5707657010502613, "train/embedding": 0.0, "traing/grad": 0.0, "_timestamp": 1716656155.9981782, "val/AUC": 0.7688915424218075, "val/AP": 0.8554710612503342, "val/PixAUC": 0.9046413989452915, "val/PixAP": 0.3432730066353397, "val/BestDice": 0.4205785147416768, "val/BestThresh": 0.0001438996841898188, "val/normal_score": 2.80240365100326e-05, "val/abnormal_score": 3.641524017439224e-05, "_runtime": 863.8880951404572, "_step": 250, "_wandb": {"runtime": 863}}