{"train/loss": 0.21579267759368104, "_timestamp": 1716169363.8015935, "train/recon_loss": 0.2154652769648054, "train/embedding_loss": 0.00032740077201523027, "train/grad_penalty": 3.5044244868856295e-11, "val/AUC": 0.350662623539982, "val/AP": 0.39256877773732235, "val/normal_score": 0.27310875058174133, "val/abnormal_score": 0.2417181432247162, "_runtime": 772.1520645618439, "_step": 250, "_wandb": {"runtime": 771}}