{"_wandb": {"runtime": 13}, "train/loss": 986.5353238466544, "_timestamp": 1715885847.3040307, "_runtime": 6.392947673797607, "_step": 1}