{"train/loss": 0.010790959738194942, "_timestamp": 1716562115.6073709, "train/recon_loss": 0.010778102107346059, "train/embedding_loss": 1.285757868026849e-05, "train/grad_penalty": 1.597700352573561e-11, "val/AUC": 0.9004722222222222, "val/AP": 0.8394533785231573, "val/normal_score": 8.907913434086367e-05, "val/abnormal_score": 0.0001863158686319366, "_runtime": 447.21767592430115, "_step": 600, "_wandb": {"runtime": 446}}