{"train/loss": 0.07729297411639918, "_timestamp": 1716138302.1346197, "train/recon_loss": 0.077184445521439, "train/embedding_loss": 0.00010852794973332057, "train/grad_penalty": 4.171123889459771e-12, "val/AUC": 0.669241, "val/AP": 0.6745148151026226, "val/normal_score": 0.09128282219171524, "val/abnormal_score": 0.10830512642860413, "_runtime": 543.377222776413, "_step": 250, "_wandb": {"runtime": 542}}