{"train/loss": 0.002714601996044318, "_timestamp": 1715123154.2597148, "val/AUC": 0.755832640283646, "val/AP": 0.7528231370260814, "val/normal_score": 3.641448711277917e-05, "val/abnormal_score": 4.6339166146935895e-05, "_runtime": 145.13095378875732, "_step": 250, "_wandb": {"runtime": 144}}