{"train/loss": 0.06710004907846451, "_timestamp": 1716144046.160499, "train/recon_loss": 0.06673201024532319, "train/embedding_loss": 0.0003680392545647919, "train/grad_penalty": 1.10883345170662e-12, "val/AUC": 0.5790744999999999, "val/AP": 0.6120988803144778, "val/normal_score": 0.07811961323022842, "val/abnormal_score": 0.08613888919353485, "_runtime": 545.0478301048279, "_step": 250, "_wandb": {"runtime": 544}}