{"_wandb": {"runtime": 5}, "train/loss": 713.0389801909538, "_timestamp": 1715884726.9022377, "_runtime": 6.545989751815796, "_step": 1}