{"train/loss": 0.11114183705557817, "train/recon_loss": 0.10322945054222203, "train/kl_loss": 1.077447514863884, "train/embedding": 0.0025251489132642746, "traing/grad": 1.105215962152184e-12, "_timestamp": 1716653524.3638144, "val/AUC": 0.367426357335387, "val/AP": 0.4158474678876892, "val/normal_score": 4.623187851393595e-05, "val/abnormal_score": 4.087315028300509e-05, "_runtime": 818.9645273685455, "_step": 250, "_wandb": {"runtime": 818}}