{"train/loss": 0.0016454427823039588, "_timestamp": 1716546942.49656, "train/recon_loss": 0.0016441452586752523, "train/embedding_loss": 1.2975204157858195e-06, "train/grad_penalty": 1.9174285687040385e-14, "val/AUC": 0.7039317530426343, "val/AP": 0.5606966432172429, "val/normal_score": 0.0017067576991394162, "val/abnormal_score": 0.002545415423810482, "_runtime": 1044.107712984085, "_step": 250, "_wandb": {"runtime": 1043}}