{"train/loss": 0.2150869979610983, "_timestamp": 1715135206.364567, "val/AUC": 0.3541746887434219, "val/AP": 0.3937728347214342, "val/normal_score": 0.2752143442630768, "val/abnormal_score": 0.24462303519248962, "_runtime": 402.8073489665985, "_step": 250, "_wandb": {"runtime": 401}}