{"train/loss": 0.011043652485170547, "train/recon_loss": 0.008000795869234125, "train/kl_loss": 0.4177813707819689, "train/embedding": 0.0009539499296806753, "traing/grad": 4.4200305240427e-15, "_timestamp": 1716638826.7154818, "val/AUC": 0.7464592695096669, "val/AP": 0.8700226738608339, "val/PixAUC": 0.9310850318525489, "val/PixAP": 0.33639359146649245, "val/BestDice": 0.4040855616206215, "val/BestThresh": 0.0001158793456852436, "val/normal_score": 1.435924059478566e-05, "val/abnormal_score": 2.8449479941627942e-05, "_runtime": 854.7320077419281, "_step": 250, "_wandb": {"runtime": 853}}