{"train/loss": 0.32355623733096545, "_timestamp": 1716223629.1634753, "train/recon_loss": 0.32355623733096545, "train/embedding_loss": 0.011691884850390048, "train/grad_penalty": 5.863203213982311e-14, "val/AUC": 0.8724179999999999, "val/AP": 0.8476230053400764, "val/normal_score": 0.4111919701099396, "val/abnormal_score": 0.5168401002883911, "_runtime": 2004.3647782802582, "_step": 250, "_wandb": {"runtime": 2003}}