{"train/loss": 0.010396047067975757, "_timestamp": 1715945470.0502155, "val/AUC": 0.693952, "val/AP": 0.6792177205441035, "val/normal_score": 0.01790286973118782, "val/abnormal_score": 0.025927215814590454, "_runtime": 531.7316133975983, "_step": 250, "_wandb": {"runtime": 530}}