{"train/loss": 0.0037350910529494285, "_timestamp": 1715891572.590904, "val/AUC": 0.7104805837125469, "val/AP": 0.6772775763115151, "val/normal_score": 0.004774846602231264, "val/abnormal_score": 0.007126607466489077, "_runtime": 120.46527910232544, "_step": 250, "_wandb": {"runtime": 119}}