{"train/loss": 0.07693431039088927, "_timestamp": 1716087959.8979247, "train/recon_loss": 0.07670866421558573, "train/embedding_loss": 0.0002256459642550176, "train/grad_penalty": 1.1444670148245289e-11, "val/AUC": 0.36168174817096643, "val/AP": 0.4005838259072626, "val/normal_score": 0.12491508573293686, "val/abnormal_score": 0.10142821818590164, "_runtime": 769.7952165603638, "_step": 250, "_wandb": {"runtime": 768}}