{"train/loss": 0.029701553739779524, "train/recon_loss": 0.02029965261553161, "train/kl_loss": 1.2723089110167174, "train/embedding": 0.0030403563287109137, "traing/grad": 4.923194352733119e-14, "_timestamp": 1716621922.0654085, "val/AUC": 0.645083, "val/AP": 0.6396830144027045, "val/normal_score": 3.4625030821189284e-05, "val/abnormal_score": 4.736384653369896e-05, "_runtime": 576.8491594791412, "_step": 250, "_wandb": {"runtime": 575}}