{"train/loss": 0.008373747736215591, "_timestamp": 1715108986.8314924, "val/AUC": 0.5693659999999999, "val/AP": 0.6041790104379604, "val/normal_score": 0.01321390364319086, "val/abnormal_score": 0.016434859484434128, "_runtime": 280.6734654903412, "_step": 250, "_wandb": {"runtime": 279}}