{"train/loss": 0.010664067469537257, "_timestamp": 1715977521.411908, "train/recon_loss": 0.01055963934957981, "train/embedding_loss": 0.00010442833445267752, "train/grad_penalty": 9.045912022914715e-13, "val/AUC": 0.8624152777777778, "val/AP": 0.7723669887496241, "val/normal_score": 0.018147652968764305, "val/abnormal_score": 0.042985621839761734, "_runtime": 371.518728017807, "_step": 600, "_wandb": {"runtime": 370}}