{"train/loss": 0.01110224489228193, "train/recon_loss": 0.006527040332783567, "train/kl_loss": 0.9150409241028458, "train/embedding": 0.0, "traing/grad": 0.0, "_timestamp": 1716608307.8052378, "val/AUC": 0.7424283058488271, "val/AP": 0.636593437752237, "val/normal_score": 0.008241557516157627, "val/abnormal_score": 0.01533258706331253, "_runtime": 894.8469867706299, "_step": 250, "_wandb": {"runtime": 893}}