{"train/loss": 0.010150431226082852, "_timestamp": 1715967238.085163, "train/recon_loss": 0.01004767456626163, "train/embedding_loss": 0.00010275666912447132, "train/grad_penalty": 2.184899607526113e-12, "val/AUC": 0.6872674999999999, "val/AP": 0.6734340237749251, "val/normal_score": 0.017241286113858223, "val/abnormal_score": 0.024818718433380127, "_runtime": 522.2493810653687, "_step": 250, "_wandb": {"runtime": 521}}