{"train/g_loss": 0.8676522281132125, "train/adv_loss": 0.25524543668814553, "train/recon_loss": 0.012171320307161152, "train/enc_loss": 0.003840777404259061, "train/d_loss": 0.10315778195157635, "_timestamp": 1716722080.0278547, "val/AUC": 0.7842499999999999, "val/AP": 0.7377227104445256, "_runtime": 577.4770126342773, "_step": 250, "_wandb": {"runtime": 576}}