{"train/loss": 0.09921017953008236, "_timestamp": 1716217059.0976377, "train/recon_loss": 0.09921017953008236, "train/embedding_loss": 0.007470656280668783, "train/grad_penalty": 3.063815847414195e-16, "val/AUC": 0.8019497267109086, "val/AP": 0.8590814117741821, "val/PixAUC": 0.9311346995532304, "val/PixAP": 0.2611588507912628, "val/BestDice": 0.362708053044564, "val/BestThresh": 0.6968926787376404, "val/normal_score": 0.16357123851776123, "val/abnormal_score": 0.22550106048583984, "_runtime": 646.1625125408173, "_step": 250, "_wandb": {"runtime": 645}}