{"train/loss": 0.0035509702579398193, "_timestamp": 1716589235.286248, "train/recon_loss": 0.003513160220463326, "train/embedding_loss": 3.781003981065956e-05, "train/grad_penalty": 2.37517326780628e-12, "val/AUC": 0.7483338715297732, "val/AP": 0.6350220529435453, "val/normal_score": 0.006130642723292112, "val/abnormal_score": 0.012859009206295013, "_runtime": 1087.6773800849915, "_step": 250, "_wandb": {"runtime": 1086}}