{"train/loss": 0.010105094613889013, "_timestamp": 1715959962.0595553, "val/AUC": 0.685396, "val/AP": 0.6705306541318735, "val/normal_score": 0.01771947182714939, "val/abnormal_score": 0.02530081756412983, "_runtime": 539.6369662284851, "_step": 250, "_wandb": {"runtime": 538}}