{"train/loss": 0.0036329246162386257, "train/recon_loss": 0.0035945479960449093, "train/z_recon_loss": 3.8376622318102574e-05, "_timestamp": 1716679308.6607296, "val/AUC": 0.8224309089466217, "val/AP": 0.9123416057872664, "val/PixAUC": 0.91469156696541, "val/PixAP": 0.3439554538543985, "val/BestDice": 0.40168617296226344, "val/BestThresh": 0.07182465493679047, "val/normal_score": 0.006123805418610573, "val/abnormal_score": 0.013553186319768429, "_runtime": 861.9337055683136, "_step": 250, "_wandb": {"runtime": 861}}