{"train/g_loss": 4.033286418554918, "train/adv_loss": 0.36674288496281365, "train/recon_loss": 0.07307623448611805, "train/enc_loss": 0.012731810463533836, "train/d_loss": 0.04328672904572479, "_timestamp": 1716734374.102673, "val/AUC": 0.5437495988961623, "val/AP": 0.5205485190455249, "_runtime": 831.0356330871582, "_step": 250, "_wandb": {"runtime": 830}}