{"train/loss": 0.11038317189276593, "train/recon_loss": 0.10207572232627268, "train/kl_loss": 1.1334997498014439, "train/embedding": 0.0026399509515613317, "traing/grad": 1.1597267200388894e-12, "_timestamp": 1716612806.142507, "val/AUC": 0.3392800988319856, "val/AP": 0.3908744864589109, "val/normal_score": 0.11218176037073135, "val/abnormal_score": 0.08912284672260284, "_runtime": 788.8277950286865, "_step": 250, "_wandb": {"runtime": 788}}