{"train/g_loss": 0.5829196033477784, "train/adv_loss": 0.10509117984771729, "train/recon_loss": 0.009501037776470184, "train/enc_loss": 0.0027765342686325314, "train/d_loss": 0.015125238746404647, "_timestamp": 1716727133.414216, "val/AUC": 0.8227916666666668, "val/AP": 0.7247716871620313, "_runtime": 392.0883541107178, "_step": 600, "_wandb": {"runtime": 391}}