{"train/loss": 0.0025991818160340597, "_timestamp": 1715152809.27852, "val/AUC": 0.799238535249829, "val/AP": 0.9008150788548159, "val/PixAUC": 0.8692016547867748, "val/PixAP": 0.29970352203411404, "val/BestDice": 0.3685548727906607, "val/BestThresh": 0.00015772842743899673, "val/normal_score": 2.894763383665122e-05, "val/abnormal_score": 4.4371237891027704e-05, "_runtime": 549.3287210464478, "_step": 250, "_wandb": {"runtime": 548}}