{"train/loss": 0.025468127340078354, "train/recon_loss": 0.01660824626684189, "train/kl_loss": 1.2294741163253784, "train/embedding": 0.0027125105261802673, "traing/grad": 6.897517360873393e-14, "_timestamp": 1716605839.059808, "val/AUC": 0.8296944444444443, "val/AP": 0.7481031659808562, "val/normal_score": 0.02398018166422844, "val/abnormal_score": 0.046529367566108704, "_runtime": 396.21781611442566, "_step": 600, "_wandb": {"runtime": 395}}