{"train/loss": 0.023910192474722862, "train/recon_loss": 0.015448074124753476, "train/kl_loss": 1.3420712966918946, "train/embedding": 0.00175176199991256, "traing/grad": 3.1027497194788256e-13, "_timestamp": 1716646739.2938833, "val/AUC": 0.8210555555555555, "val/AP": 0.7374197877424324, "val/normal_score": 7.920182542875409e-05, "val/abnormal_score": 0.00011798535706475377, "_runtime": 429.0970883369446, "_step": 600, "_wandb": {"runtime": 428}}