{"train/loss": 0.07624508731020321, "_timestamp": 1716568941.3853173, "train/recon_loss": 0.07624508731020321, "train/embedding_loss": 0.0, "train/grad_penalty": 0.0, "val/AUC": 0.4288602233346169, "val/AP": 0.43369380719954437, "val/normal_score": 7.34077621018514e-05, "val/abnormal_score": 6.698171637253836e-05, "_runtime": 812.9940524101257, "_step": 250, "_wandb": {"runtime": 812}}