{"train/loss": 0.010174714786759199, "_timestamp": 1715966119.3805645, "train/recon_loss": 0.010046507331045208, "train/embedding_loss": 0.00012820744293430393, "train/grad_penalty": 2.508902758178983e-12, "val/AUC": 0.691574, "val/AP": 0.6776491008897267, "val/normal_score": 0.017523882910609245, "val/abnormal_score": 0.025492878630757332, "_runtime": 523.167727470398, "_step": 250, "_wandb": {"runtime": 522}}