{"train/loss": 0.0037232126810393747, "_timestamp": 1716535768.2774057, "train/recon_loss": 0.0037232126810393747, "train/embedding_loss": 0.0, "train/grad_penalty": 0.0, "val/AUC": 0.46112000000000003, "val/AP": 0.4968326044007493, "val/normal_score": 0.00364304450340569, "val/abnormal_score": 0.0035440707579255104, "_runtime": 655.3384397029877, "_step": 250, "_wandb": {"runtime": 654}}