{"train/loss": 0.021522015220962292, "train/recon_loss": 0.013537575382186945, "train/kl_loss": 1.5968880300489656, "train/embedding": 0.0, "traing/grad": 0.0, "_timestamp": 1716600360.828497, "val/AUC": 0.6787810000000001, "val/AP": 0.6707141415894595, "val/normal_score": 0.01920919679105282, "val/abnormal_score": 0.026856552809476852, "_runtime": 552.3188698291779, "_step": 250, "_wandb": {"runtime": 551}}