{"train/loss": 0.0033151594251394274, "_timestamp": 1716120038.6398935, "train/recon_loss": 0.0032419849634170534, "train/embedding_loss": 7.317444480334719e-05, "train/grad_penalty": 2.2868252546233887e-13, "val/AUC": 0.8002967823742895, "val/AP": 0.7641348386917082, "val/normal_score": 0.003645695513114333, "val/abnormal_score": 0.006509009283035994, "_runtime": 236.8981876373291, "_step": 250, "_wandb": {"runtime": 236}}