{"train/loss": 0.008921747639775277, "_timestamp": 1716066900.8725176, "train/recon_loss": 0.008806899398565292, "train/embedding_loss": 0.00011484813794959337, "train/grad_penalty": 5.709162247125033e-12, "val/AUC": 0.5668955, "val/AP": 0.6057872181739635, "val/normal_score": 0.013279936276376247, "val/abnormal_score": 0.01650174707174301, "_runtime": 555.8695776462555, "_step": 250, "_wandb": {"runtime": 555}}