{"train/loss": 0.2815792762438456, "_timestamp": 1716241867.093666, "train/recon_loss": 0.2815792762438456, "train/embedding_loss": 0.0041203063949942585, "train/grad_penalty": 1.5760943158221742e-13, "val/AUC": 0.8585980985858744, "val/AP": 0.8088403404171629, "val/normal_score": 0.3876327574253082, "val/abnormal_score": 0.49034252762794495, "_runtime": 810.9712591171265, "_step": 250, "_wandb": {"runtime": 810}}