{"train/loss": 0.0029661024530176928, "_timestamp": 1715144348.5288792, "val/AUC": 0.8230409735241893, "val/AP": 0.9175618045567823, "val/PixAUC": 0.9160369156307838, "val/PixAP": 0.3436616751199247, "val/BestDice": 0.40125932496332933, "val/BestThresh": 0.07165442407131195, "val/normal_score": 0.005976862274110317, "val/abnormal_score": 0.01346577424556017, "_runtime": 505.2764482498169, "_step": 250, "_wandb": {"runtime": 504}}