{"train/loss": 0.11006001485799449, "_timestamp": 1716189443.3084319, "train/recon_loss": 0.11006001485799449, "train/embedding_loss": 0.009262904152370868, "train/grad_penalty": 3.077650416240453e-15, "val/AUC": 0.806253, "val/AP": 0.7878987509126926, "val/normal_score": 0.17399008572101593, "val/abnormal_score": 0.25797706842422485, "_runtime": 397.32100677490234, "_step": 250, "_wandb": {"runtime": 396}}