{"train/loss": 0.010725999392569066, "_timestamp": 1716071523.502525, "train/recon_loss": 0.010624240055680275, "train/embedding_loss": 0.00010175955021986738, "train/grad_penalty": 1.0679695235799036e-12, "val/AUC": 0.8666055555555556, "val/AP": 0.7750537501368, "val/normal_score": 0.018350129947066307, "val/abnormal_score": 0.04406709969043732, "_runtime": 379.0897650718689, "_step": 600, "_wandb": {"runtime": 378}}