{"train/loss": 0.012984523529807727, "train/recon_loss": 0.00872828393181165, "train/kl_loss": 0.5770115691820781, "train/embedding": 0.0013711818028241396, "traing/grad": 8.722368361163257e-15, "_timestamp": 1716647336.9027793, "val/AUC": 0.7423846889486576, "val/AP": 0.7054621440552798, "val/normal_score": 3.522714905557223e-05, "val/abnormal_score": 4.536088090389967e-05, "_runtime": 268.23438334465027, "_step": 250, "_wandb": {"runtime": 267}}