{"train/loss": 0.010130921526253611, "_timestamp": 1715102178.7154374, "val/AUC": 0.6834530000000001, "val/AP": 0.6741869594266361, "val/normal_score": 0.016960034146904945, "val/abnormal_score": 0.024490615352988243, "_runtime": 276.78901529312134, "_step": 250, "_wandb": {"runtime": 275}}