{"train/loss": 0.08263987265292953, "_timestamp": 1716569806.8824506, "train/recon_loss": 0.08259362286929064, "train/embedding_loss": 4.625023074419554e-05, "train/grad_penalty": 4.809132285271584e-11, "val/AUC": 0.41928186368887177, "val/AP": 0.4326548524240056, "val/normal_score": 6.933165423106402e-05, "val/abnormal_score": 6.141761696198955e-05, "_runtime": 816.8916726112366, "_step": 250, "_wandb": {"runtime": 816}}