{"train/loss": 0.011267068386077881, "_timestamp": 1716580041.1123264, "train/recon_loss": 0.011249076008796693, "train/embedding_loss": 1.799230941105634e-05, "train/grad_penalty": 2.7421858311837967e-11, "val/AUC": 0.5288360000000001, "val/AP": 0.5781165454448717, "val/normal_score": 0.014252052642405033, "val/abnormal_score": 0.016484031453728676, "_runtime": 684.105640411377, "_step": 250, "_wandb": {"runtime": 683}}