{"train/loss": 0.003327293809503317, "_timestamp": 1716120842.8316715, "train/recon_loss": 0.003255804045746724, "train/embedding_loss": 7.148977489365886e-05, "train/grad_penalty": 4.044563376344919e-13, "val/AUC": 0.8042483058926202, "val/AP": 0.7700754321196684, "val/normal_score": 0.0036433818750083447, "val/abnormal_score": 0.006556245032697916, "_runtime": 236.21817135810852, "_step": 250, "_wandb": {"runtime": 235}}