{"train/loss": 0.011329046647931816, "train/recon_loss": 0.006708882019371016, "train/kl_loss": 0.9240329529348369, "_timestamp": 1715133748.3243794, "val/AUC": 0.7504319254479346, "val/AP": 0.6431798462483354, "val/normal_score": 2.8863700208603404e-05, "val/abnormal_score": 4.195980363874696e-05, "_runtime": 486.29819345474243, "_step": 250, "_wandb": {"runtime": 484}}