{"_wandb": {"runtime": 6}, "train/loss": 0.16767096719004584, "_timestamp": 1715590274.9680855, "_runtime": 7.399469614028931, "_step": 1}