{"train/loss": 0.500657725259193, "_timestamp": 1716210164.5976877, "train/recon_loss": 0.500657725259193, "train/embedding_loss": 0.07236585320916565, "train/grad_penalty": 8.727910258010835e-15, "val/AUC": 0.3891473334616865, "val/AP": 0.4193808913972304, "val/normal_score": 0.8693475127220154, "val/abnormal_score": 0.8476604223251343, "_runtime": 626.7923696041107, "_step": 250, "_wandb": {"runtime": 625}}