{"train/loss": 0.010795342557132244, "_timestamp": 1716071120.0068731, "train/recon_loss": 0.010688987664878368, "train/embedding_loss": 0.0001063548549427651, "train/grad_penalty": 5.364337474222935e-12, "val/AUC": 0.8679777777777778, "val/AP": 0.7768072373918442, "val/normal_score": 0.018467087298631668, "val/abnormal_score": 0.044046442955732346, "_runtime": 379.3011782169342, "_step": 600, "_wandb": {"runtime": 378}}