{"train/loss": 0.023949755847454072, "train/recon_loss": 0.01550166293233633, "train/kl_loss": 1.3403760948181151, "train/embedding": 0.00174621248152107, "traing/grad": 3.404115910595612e-13, "_timestamp": 1716627679.6045492, "val/AUC": 0.8364416666666667, "val/AP": 0.7541535546068265, "val/normal_score": 7.649348117411137e-05, "val/abnormal_score": 0.00015428857295773923, "_runtime": 420.1496090888977, "_step": 600, "_wandb": {"runtime": 419}}