{"train/loss": 0.027296706627168838, "_timestamp": 1716170207.7112403, "train/recon_loss": 0.027296706627168838, "train/embedding_loss": 0.0, "train/grad_penalty": 0.0, "val/AUC": 0.8205684760289259, "val/AP": 0.9025811695469965, "val/PixAUC": 0.9014489278969636, "val/PixAP": 0.2587650661870639, "val/BestDice": 0.3357538518292226, "val/BestThresh": 0.2438948154449463, "val/normal_score": 0.03362564742565155, "val/abnormal_score": 0.052205778658390045, "_runtime": 803.9033372402191, "_step": 250, "_wandb": {"runtime": 803}}