{"train/loss": 0.07143041278883501, "_timestamp": 1716140011.1908724, "train/recon_loss": 0.07113653739662301, "train/embedding_loss": 0.00029387494763606105, "train/grad_penalty": 7.157408700170158e-13, "val/AUC": 0.672793, "val/AP": 0.6692514939008317, "val/normal_score": 0.09047797322273254, "val/abnormal_score": 0.10740870982408524, "_runtime": 531.4103314876556, "_step": 250, "_wandb": {"runtime": 530}}