{"train/loss": 0.009911255098413072, "_timestamp": 1716556639.7179728, "train/recon_loss": 0.009911255098413072, "train/embedding_loss": 0.0, "train/grad_penalty": 0.0, "val/AUC": 0.7379575, "val/AP": 0.7130718158546664, "val/normal_score": 5.8485700719757006e-05, "val/abnormal_score": 7.866403757361695e-05, "_runtime": 584.67298579216, "_step": 250, "_wandb": {"runtime": 583}}