{"train/loss": -2.3285673898061114, "train/recon_loss": 0.041274649173021316, "train/log_var": -3.3490455983479817, "_timestamp": 1716758714.132625, "val/AUC": 0.8385683291243552, "val/AP": 0.8240024019961656, "val/normal_score": 1.0280225276947021, "val/abnormal_score": 1.3502156734466553, "_runtime": 242.59969401359558, "_step": 250, "_wandb": {"runtime": 241}}