{"train/loss": 0.3253769138453069, "_timestamp": 1716229901.4777403, "train/recon_loss": 0.3253769138453069, "train/embedding_loss": 0.005172365702861851, "train/grad_penalty": 1.310350214327844e-13, "val/AUC": 0.874083, "val/AP": 0.8483291336775587, "val/normal_score": 0.40509364008903503, "val/abnormal_score": 0.5092308521270752, "_runtime": 1981.106505393982, "_step": 250, "_wandb": {"runtime": 1980}}