{"train/loss": 0.013742422478980165, "_timestamp": 1715939702.348498, "val/AUC": 0.667748, "val/AP": 0.6607504877128196, "val/normal_score": 0.017266787588596344, "val/abnormal_score": 0.024479717016220093, "_runtime": 525.4558300971985, "_step": 250, "_wandb": {"runtime": 524}}