{"train/loss": 0.01089314329624176, "_timestamp": 1716069494.237891, "train/recon_loss": 0.010880011811852455, "train/embedding_loss": 1.313144213781925e-05, "train/grad_penalty": 1.5639758710328523e-11, "val/AUC": 0.8679527777777777, "val/AP": 0.7790364008352302, "val/normal_score": 0.018412599340081215, "val/abnormal_score": 0.04377700015902519, "_runtime": 382.95169591903687, "_step": 600, "_wandb": {"runtime": 382}}