{"train/loss": 0.07660149150299576, "_timestamp": 1716089588.1113172, "train/recon_loss": 0.07642296800073588, "train/embedding_loss": 0.00017852320847593528, "train/grad_penalty": 6.306680997448806e-12, "val/AUC": 0.3664516750096265, "val/AP": 0.40160688181519594, "val/normal_score": 0.12480117380619049, "val/abnormal_score": 0.10185687243938446, "_runtime": 772.0326671600342, "_step": 250, "_wandb": {"runtime": 771}}