{"train/loss": 0.011406011107717318, "train/recon_loss": 0.0068625584298898975, "train/kl_loss": 0.9086905525479185, "_timestamp": 1715134279.9344416, "val/AUC": 0.7288949458793308, "val/AP": 0.6250968686654018, "val/normal_score": 1.5207997421384789e-05, "val/abnormal_score": 3.265076156822033e-05, "_runtime": 480.4585666656494, "_step": 250, "_wandb": {"runtime": 479}}