{"train/loss": 0.010775453619658946, "_timestamp": 1716117889.2133787, "train/recon_loss": 0.010674534194171428, "train/embedding_loss": 0.00010091943084262312, "train/grad_penalty": 9.851038526575983e-13, "val/AUC": 0.8681833333333334, "val/AP": 0.7763497113779284, "val/normal_score": 0.01829879730939865, "val/abnormal_score": 0.044051311910152435, "_runtime": 380.8069677352905, "_step": 600, "_wandb": {"runtime": 379}}