{"train/loss": 0.010293274057408174, "train/recon_loss": 0.006533855424573024, "train/kl_loss": 0.7518837463061014, "train/embedding": 0.0, "traing/grad": 0.0, "_timestamp": 1716606530.0095549, "val/AUC": 0.7505127554084483, "val/AP": 0.7210732253144894, "val/normal_score": 0.007161702495068312, "val/abnormal_score": 0.011022599413990974, "_runtime": 244.78430795669556, "_step": 250, "_wandb": {"runtime": 243}}