{"train/loss": 0.06784337162971496, "_timestamp": 1716149216.031015, "train/recon_loss": 0.06771334570646285, "train/embedding_loss": 0.00013002561766188591, "train/grad_penalty": 1.5881680207052718e-12, "val/AUC": 0.8005722222222222, "val/AP": 0.7217265199768919, "val/normal_score": 0.0796174556016922, "val/abnormal_score": 0.12148088961839676, "_runtime": 387.720333814621, "_step": 600, "_wandb": {"runtime": 386}}