{"train/loss": 0.12579944641687016, "_timestamp": 1715125111.9530795, "val/AUC": 0.7674334597638868, "val/AP": 0.6483306575650128, "val/normal_score": 0.19713768362998962, "val/abnormal_score": 0.32561731338500977, "_runtime": 549.9838473796844, "_step": 250, "_wandb": {"runtime": 549}}