{"train/g_loss": 4.318319302684856, "train/adv_loss": 0.2667064916975093, "train/recon_loss": 0.08082351880440922, "train/enc_loss": 0.010436837016692702, "train/d_loss": 0.11502339445719344, "_timestamp": 1716735241.087793, "val/AUC": 0.48211879091259147, "val/AP": 0.4835670647943341, "_runtime": 832.1090550422668, "_step": 250, "_wandb": {"runtime": 831}}