{"train/loss": 0.019580893635749816, "train/recon_loss": 0.01250418783724308, "train/kl_loss": 1.4153411874771118, "train/embedding": 0.0, "traing/grad": 0.0, "_timestamp": 1716623791.2600448, "val/AUC": 0.539079, "val/AP": 0.5702844729631622, "val/normal_score": 2.8821921659982763e-05, "val/abnormal_score": 3.4568587579997256e-05, "_runtime": 607.8108339309692, "_step": 250, "_wandb": {"runtime": 606}}