{"train/loss": 0.06865507405996323, "_timestamp": 1716150040.1161945, "train/recon_loss": 0.06840374857187272, "train/embedding_loss": 0.00025132505362853406, "train/grad_penalty": 1.9367239791068246e-12, "val/AUC": 0.7972166666666667, "val/AP": 0.7189590608778792, "val/normal_score": 0.08075076341629028, "val/abnormal_score": 0.12189758569002151, "_runtime": 386.0470016002655, "_step": 600, "_wandb": {"runtime": 385}}