{"train/loss": 0.002809648974629429, "_timestamp": 1716091245.2630014, "train/recon_loss": 0.002809648974629429, "train/embedding_loss": 0.0, "train/grad_penalty": 0.0, "val/AUC": 0.8220806178019819, "val/AP": 0.9173240259218152, "val/PixAUC": 0.9078446198136598, "val/PixAP": 0.31094787410003233, "val/BestDice": 0.3768154918682989, "val/BestThresh": 0.07356048375368118, "val/normal_score": 0.006043117493391037, "val/abnormal_score": 0.013660779222846031, "_runtime": 804.1806974411011, "_step": 250, "_wandb": {"runtime": 803}}