{"train/loss": 0.09182601646994645, "train/recon_loss": 0.08233414435724043, "train/kl_loss": 1.8983744225412045, "train/embedding": 0.0, "traing/grad": 0.0, "_timestamp": 1716611972.3295205, "val/AUC": 0.36214542420741885, "val/AP": 0.40058112929518785, "val/normal_score": 0.11999443918466568, "val/abnormal_score": 0.09704393893480301, "_runtime": 783.1557664871216, "_step": 250, "_wandb": {"runtime": 782}}