{"train/loss": 0.07625824503553738, "_timestamp": 1715993594.8696353, "train/recon_loss": 0.07602995226405701, "train/embedding_loss": 0.00022829245884299466, "train/grad_penalty": 1.701686595835746e-11, "val/AUC": 0.36339686818123473, "val/AP": 0.4011163592320673, "val/normal_score": 0.12527593970298767, "val/abnormal_score": 0.1012900322675705, "_runtime": 751.2141892910004, "_step": 250, "_wandb": {"runtime": 750}}