{"train/loss": 0.07152908577667648, "_timestamp": 1716141737.7175977, "train/recon_loss": 0.07123676780925668, "train/embedding_loss": 0.0002923188394917912, "train/grad_penalty": 1.478162102803232e-12, "val/AUC": 0.6710290000000001, "val/AP": 0.6701048610441744, "val/normal_score": 0.09036508947610855, "val/abnormal_score": 0.1071862056851387, "_runtime": 535.8079836368561, "_step": 250, "_wandb": {"runtime": 535}}