{"train/loss": 0.0763359933904132, "_timestamp": 1716083880.4874215, "train/recon_loss": 0.0763359933904132, "train/embedding_loss": 0.0, "train/grad_penalty": 0.0, "val/AUC": 0.3658532280836863, "val/AP": 0.40219959852996334, "val/normal_score": 0.12519533932209015, "val/abnormal_score": 0.10200546681880951, "_runtime": 770.4006536006927, "_step": 250, "_wandb": {"runtime": 769}}