{"train/loss": 0.005371466492171456, "_timestamp": 1715982492.6786275, "train/recon_loss": 0.005368239861495632, "train/embedding_loss": 3.2266246837729388e-06, "train/grad_penalty": 6.4438963331348814e-12, "val/AUC": 0.7403375495095115, "val/AP": 0.6252941194294201, "val/normal_score": 0.005835479125380516, "val/abnormal_score": 0.01154936384409666, "_runtime": 853.7897274494171, "_step": 250, "_wandb": {"runtime": 852}}