{"train/loss": 0.010527749195694923, "_timestamp": 1716071930.1656897, "train/recon_loss": 0.010425774544477464, "train/embedding_loss": 0.00010197466419776902, "train/grad_penalty": 2.1110684172986893e-12, "val/AUC": 0.8690500000000001, "val/AP": 0.7782181903424757, "val/normal_score": 0.018131207674741745, "val/abnormal_score": 0.044170938432216644, "_runtime": 380.90502667427063, "_step": 600, "_wandb": {"runtime": 380}}