{"train/loss": 0.040559801524915035, "_timestamp": 1715138836.4940588, "val/AUC": 0.27878481581311765, "val/AP": 0.3637936768188248, "val/normal_score": 0.04457978904247284, "val/abnormal_score": 0.031132180243730545, "_runtime": 416.27492475509644, "_step": 250, "_wandb": {"runtime": 415}}