{"train/g_loss": 6.197319723525137, "train/adv_loss": 0.4556000378896605, "train/recon_loss": 0.1146676816842841, "train/enc_loss": 0.008335597707696681, "train/d_loss": 0.04283817005036223, "_timestamp": 1715141815.829224, "val/AUC": 0.5051646130150174, "val/AP": 0.5127124935366285, "_runtime": 792.1010000705719, "_step": 250, "_wandb": {"runtime": 791}}