{"train/loss": 0.014724884735730092, "train/recon_loss": 0.009496754636372718, "train/kl_loss": 0.7158300066332067, "train/embedding": 0.0016489803092554212, "traing/grad": 5.813756323146818e-15, "_timestamp": 1716650842.341969, "val/AUC": 0.749096468519157, "val/AP": 0.6362351021262687, "val/normal_score": 2.93992088700179e-05, "val/abnormal_score": 4.204682045383379e-05, "_runtime": 919.9473659992218, "_step": 250, "_wandb": {"runtime": 919}}