{"train/loss": 0.09452709712584813, "_timestamp": 1715120889.9580488, "val/AUC": 0.6742144465510451, "val/AP": 0.6447318866697097, "val/normal_score": 0.16287408769130707, "val/abnormal_score": 0.20432022213935852, "_runtime": 157.90733289718628, "_step": 250, "_wandb": {"runtime": 157}}