{"train/loss": 0.11864557545923814, "_timestamp": 1716204173.8383958, "train/recon_loss": 0.11864557545923814, "train/embedding_loss": 0.047668753428791635, "train/grad_penalty": 6.940271738483311e-16, "val/AUC": 0.7666544432221, "val/AP": 0.6510110734788881, "val/normal_score": 0.19909963011741638, "val/abnormal_score": 0.33066993951797485, "_runtime": 605.4709827899933, "_step": 250, "_wandb": {"runtime": 604}}