{"train/loss": 0.20305179488658906, "_timestamp": 1716240176.3694406, "train/recon_loss": 0.20305179488658906, "train/embedding_loss": 0.010079998940229417, "train/grad_penalty": 1.2950982148686452e-13, "val/AUC": 0.9557138888888889, "val/AP": 0.9222318760596554, "val/normal_score": 0.2478904277086258, "val/abnormal_score": 0.5309422016143799, "_runtime": 1306.0567395687103, "_step": 600, "_wandb": {"runtime": 1305}}