{"train/loss": 0.21618014967666482, "_timestamp": 1716168548.005589, "train/recon_loss": 0.21591093677019924, "train/embedding_loss": 0.00026921127335631154, "train/grad_penalty": 6.731757299785636e-12, "val/AUC": 0.3468056090360673, "val/AP": 0.3911733989219766, "val/normal_score": 0.2720361053943634, "val/abnormal_score": 0.23977351188659668, "_runtime": 771.4285080432892, "_step": 250, "_wandb": {"runtime": 770}}