{"train/loss": 0.06718286335468292, "_timestamp": 1716147560.8752089, "train/recon_loss": 0.06681253224611282, "train/embedding_loss": 0.00037033041077665985, "train/grad_penalty": 1.0655928736613696e-11, "val/AUC": 0.5802444999999999, "val/AP": 0.6156106869223104, "val/normal_score": 0.07796401530504227, "val/abnormal_score": 0.08626976609230042, "_runtime": 552.644535779953, "_step": 250, "_wandb": {"runtime": 551}}