{"train/loss": 0.2038099157699806, "_timestamp": 1716263071.697603, "train/recon_loss": 0.2038099157699806, "train/embedding_loss": 0.0, "train/grad_penalty": 0.0, "val/AUC": 0.8504932595303991, "val/AP": 0.9194843194646045, "val/PixAUC": 0.9397237663674285, "val/PixAP": 0.4563174533606887, "val/BestDice": 0.45667676297295756, "val/BestThresh": 0.6329299807548523, "val/normal_score": 0.2604500651359558, "val/abnormal_score": 0.3174894452095032, "_runtime": 2346.598401069641, "_step": 250, "_wandb": {"runtime": 2345}}