{"train/loss": 0.028633376789582055, "_timestamp": 1715144906.8198104, "val/AUC": 0.8189360572964715, "val/AP": 0.9015637457937806, "val/PixAUC": 0.9013771622958726, "val/PixAP": 0.253403631909801, "val/BestDice": 0.3333052816028682, "val/BestThresh": 0.24306023120880127, "val/normal_score": 0.03316133841872215, "val/abnormal_score": 0.051873333752155304, "_runtime": 502.9897394180298, "_step": 250, "_wandb": {"runtime": 502}}