{"train/loss": 0.01342719047777964, "_timestamp": 1716059304.0919526, "train/recon_loss": 0.013403421162908897, "train/embedding_loss": 2.3769337981026828e-05, "train/grad_penalty": 1.0453223956818668e-11, "val/AUC": 0.692714, "val/AP": 0.6772759361793288, "val/normal_score": 0.017414037138223648, "val/abnormal_score": 0.025074774399399757, "_runtime": 546.3209316730499, "_step": 250, "_wandb": {"runtime": 545}}