{"train/loss": 0.20279721868038178, "_timestamp": 1716238840.348638, "train/recon_loss": 0.20279721868038178, "train/embedding_loss": 0.002722406851127744, "train/grad_penalty": 6.738608490652886e-13, "val/AUC": 0.955713888888889, "val/AP": 0.9157069396369579, "val/normal_score": 0.2415653020143509, "val/abnormal_score": 0.5234236121177673, "_runtime": 1304.5530090332031, "_step": 600, "_wandb": {"runtime": 1303}}