{"train/loss": 0.07794652279442961, "_timestamp": 1716593210.2981656, "train/recon_loss": 0.07771094686955025, "train/embedding_loss": 0.00023557566642269212, "train/grad_penalty": 1.0835166670464038e-11, "val/AUC": 0.36208124759337695, "val/AP": 0.3999281923236212, "val/normal_score": 0.12172704190015793, "val/abnormal_score": 0.0988437607884407, "_runtime": 949.580290555954, "_step": 250, "_wandb": {"runtime": 948}}