{"_wandb": {"runtime": 5}, "train/loss": 905.140195818928, "_timestamp": 1715880702.4781127, "_runtime": 6.319035768508911, "_step": 1}