{"train/loss": 0.012810614032049973, "train/recon_loss": 0.008452795500556628, "train/kl_loss": 0.5929566723505656, "train/embedding": 0.0013930350542068481, "traing/grad": 1.1491991609897684e-14, "_timestamp": 1716628558.8130398, "val/AUC": 0.8108772564658875, "val/AP": 0.7674169916560769, "val/normal_score": 1.314153996645473e-05, "val/abnormal_score": 2.7869044060935266e-05, "_runtime": 262.39670968055725, "_step": 250, "_wandb": {"runtime": 261}}