{"train/loss": 0.010405354462979955, "_timestamp": 1715948416.6721802, "val/AUC": 0.689476, "val/AP": 0.6764071223131485, "val/normal_score": 0.017650218680500984, "val/abnormal_score": 0.025219636037945747, "_runtime": 548.4551541805267, "_step": 250, "_wandb": {"runtime": 547}}