{"train/loss": 0.02750853684911519, "_timestamp": 1716174522.8793116, "train/recon_loss": 0.027432253416180892, "train/embedding_loss": 7.62836306983143e-05, "train/grad_penalty": 7.231159365647395e-13, "val/AUC": 0.8164387604281365, "val/AP": 0.8965034578846588, "val/PixAUC": 0.9088182600319827, "val/PixAP": 0.27721287821273216, "val/BestDice": 0.3522644086944994, "val/BestThresh": 0.24746517837047577, "val/normal_score": 0.03407786041498184, "val/abnormal_score": 0.052416276186704636, "_runtime": 807.7466044425964, "_step": 250, "_wandb": {"runtime": 806}}