{"train/loss": 0.07276576188044931, "_timestamp": 1715102492.627592, "val/AUC": 0.6750689999999999, "val/AP": 0.6769890449387732, "val/normal_score": 0.08861381560564041, "val/abnormal_score": 0.10606544464826584, "_runtime": 277.3015761375427, "_step": 250, "_wandb": {"runtime": 276}}