{"train/loss": 0.008664437644183636, "_timestamp": 1716063935.4623175, "train/recon_loss": 0.008664437644183636, "train/embedding_loss": 0.0, "train/grad_penalty": 0.0, "val/AUC": 0.5678829999999999, "val/AP": 0.6077596067313902, "val/normal_score": 0.013136313296854496, "val/abnormal_score": 0.016372527927160263, "_runtime": 554.4549784660339, "_step": 250, "_wandb": {"runtime": 553}}