{"train/loss": 0.010117446984616897, "_timestamp": 1715943013.8785942, "val/AUC": 0.679026, "val/AP": 0.6679306932756157, "val/normal_score": 0.01726105995476246, "val/abnormal_score": 0.024629229679703712, "_runtime": 548.9670922756195, "_step": 250, "_wandb": {"runtime": 548}}