{"train/loss": 0.0029799940647980685, "_timestamp": 1716000178.4126332, "train/recon_loss": 0.002955972699990761, "train/embedding_loss": 2.402136779475258e-05, "train/grad_penalty": 4.989758647366001e-13, "val/AUC": 0.8249988840282118, "val/AP": 0.9184216657261081, "val/PixAUC": 0.9037816455179944, "val/PixAP": 0.3081313928574125, "val/BestDice": 0.37202393803055295, "val/BestThresh": 0.073228619992733, "val/normal_score": 0.005976150743663311, "val/abnormal_score": 0.013743107207119465, "_runtime": 787.7579002380371, "_step": 250, "_wandb": {"runtime": 786}}