{"train/g_loss": 0.6880363739179449, "train/adv_loss": 0.28892364318793756, "train/recon_loss": 0.007923455361955397, "train/enc_loss": 0.0029399598249446796, "train/d_loss": 0.06746300776796275, "_timestamp": 1716737389.0578008, "val/AUC": 0.5309942564651966, "val/AP": 0.7195033939211866, "_runtime": 626.343879699707, "_step": 250, "_wandb": {"runtime": 625}}