{"train/loss": 0.008819325804710388, "_timestamp": 1716114446.607055, "train/recon_loss": 0.008727504648268223, "train/embedding_loss": 9.18209878145717e-05, "train/grad_penalty": 2.6177988284026286e-12, "val/AUC": 0.566806, "val/AP": 0.6042078200224557, "val/normal_score": 0.013229603879153728, "val/abnormal_score": 0.016377968713641167, "_runtime": 557.0861060619354, "_step": 250, "_wandb": {"runtime": 556}}