{"train/loss": 0.009024455428123475, "_timestamp": 1716111484.2419205, "train/recon_loss": 0.008896579541265964, "train/embedding_loss": 0.00012787599285366013, "train/grad_penalty": 2.221440193253543e-12, "val/AUC": 0.564494, "val/AP": 0.6034642644752154, "val/normal_score": 0.013298074714839458, "val/abnormal_score": 0.016435684636235237, "_runtime": 553.5627274513245, "_step": 250, "_wandb": {"runtime": 552}}