{"train/loss": 0.07888431964242983, "_timestamp": 1716592216.984969, "train/recon_loss": 0.07880468005841633, "train/embedding_loss": 7.963981345784996e-05, "train/grad_penalty": 2.385145658023305e-11, "val/AUC": 0.35322006160954955, "val/AP": 0.39556716224517774, "val/normal_score": 0.12260252982378006, "val/abnormal_score": 0.09759111702442169, "_runtime": 955.5168759822845, "_step": 250, "_wandb": {"runtime": 954}}