{"train/loss": 0.02956744596280856, "train/recon_loss": 0.02014466237506056, "train/kl_loss": 1.2744618965662537, "train/embedding": 0.0030504739843308926, "traing/grad": 4.7131793097249935e-14, "_timestamp": 1716641115.7971122, "val/AUC": 0.676327, "val/AP": 0.6612756739797077, "val/normal_score": 5.678265370079316e-05, "val/abnormal_score": 6.810112972743809e-05, "_runtime": 583.1707723140717, "_step": 250, "_wandb": {"runtime": 582}}