{"train/loss": 0.0028921814129040497, "_timestamp": 1716096406.5291898, "train/recon_loss": 0.002867975964482296, "train/embedding_loss": 2.4205462837601195e-05, "train/grad_penalty": 4.5146892448433546e-13, "val/AUC": 0.8227880199188564, "val/AP": 0.9174095977399173, "val/PixAUC": 0.9156849224895943, "val/PixAP": 0.34048554726013386, "val/BestDice": 0.4000453988623144, "val/BestThresh": 0.07356379926204681, "val/normal_score": 0.006053582299500704, "val/abnormal_score": 0.013715477660298347, "_runtime": 805.0378968715668, "_step": 250, "_wandb": {"runtime": 804}}