{"train/loss": 0.11442444050312042, "_timestamp": 1716193413.361813, "train/recon_loss": 0.11442444050312042, "train/embedding_loss": 0.010180582389235497, "train/grad_penalty": 9.6059188503376e-15, "val/AUC": 0.550848, "val/AP": 0.5596686125117885, "val/normal_score": 0.17474912106990814, "val/abnormal_score": 0.18907704949378967, "_runtime": 407.3160481452942, "_step": 250, "_wandb": {"runtime": 406}}