{"train/g_loss": 0.9849601173400879, "train/adv_loss": 0.3603566558361053, "train/recon_loss": 0.012425183549523353, "train/enc_loss": 0.0033442855775356294, "train/d_loss": 0.05258420334011316, "_timestamp": 1716723874.449346, "val/AUC": 0.6016159999999999, "val/AP": 0.5919343664247683, "_runtime": 574.0002100467682, "_step": 250, "_wandb": {"runtime": 573}}