{"train/loss": 0.003400115377987102, "_timestamp": 1715131235.164849, "val/AUC": 0.7480547391389223, "val/AP": 0.6331375642857048, "val/normal_score": 0.006018287502229214, "val/abnormal_score": 0.012537036091089249, "_runtime": 701.7180931568146, "_step": 250, "_wandb": {"runtime": 700}}