{"train/loss": 0.004130258288046925, "_timestamp": 1715546087.8287818, "val/AUC": 0.8241377257982918, "val/AP": 0.919992416493838, "val/PixAUC": 0.9094324340739509, "val/PixAP": 0.30119434055157535, "val/BestDice": 0.3710621422683859, "val/BestThresh": 0.06583006680011749, "val/normal_score": 0.006036265287548304, "val/abnormal_score": 0.013630824163556099, "_runtime": 511.41748094558716, "_step": 250, "_wandb": {"runtime": 510}}