{"train/loss": 0.00882793302834034, "_timestamp": 1716066309.0168078, "train/recon_loss": 0.00873751214146614, "train/embedding_loss": 9.04208924039267e-05, "train/grad_penalty": 1.291149126850244e-12, "val/AUC": 0.56251, "val/AP": 0.6035544253382046, "val/normal_score": 0.013158204033970833, "val/abnormal_score": 0.016275443136692047, "_runtime": 555.5037498474121, "_step": 250, "_wandb": {"runtime": 554}}