{"train/loss": 0.003979253028829893, "_timestamp": 1716072868.539194, "train/recon_loss": 0.003969293733437856, "train/embedding_loss": 9.959186791093088e-06, "train/grad_penalty": 1.1746616035192743e-12, "val/AUC": 0.7857678255673758, "val/AP": 0.7483330805324078, "val/normal_score": 0.004318364895880222, "val/abnormal_score": 0.0071211401373147964, "_runtime": 237.71027612686157, "_step": 250, "_wandb": {"runtime": 236}}