{"train/loss": -3.563839415138279, "train/recon_loss": 0.04807991973969071, "train/log_var": -4.541494670035409, "_timestamp": 1716768492.9365704, "val/AUC": 0.8214581535378784, "val/AP": 0.8775283056269749, "val/PixAUC": 0.8317760018130842, "val/PixAP": 0.22774890223765545, "val/BestDice": 0.37760981557325396, "val/BestThresh": 3.155514717102051, "val/normal_score": 1.1409209966659546, "val/abnormal_score": 1.0669329166412354, "_runtime": 824.5317184925079, "_step": 250, "_wandb": {"runtime": 823}}