{"train/loss": 0.0426841530634964, "_timestamp": 1716162024.5447667, "train/recon_loss": 0.042444411304617534, "train/embedding_loss": 0.00023974171971565767, "train/grad_penalty": 9.25311787689701e-12, "val/AUC": 0.7506508528133078, "val/AP": 0.6440044150216109, "val/normal_score": 0.04926176741719246, "val/abnormal_score": 0.07459145039319992, "_runtime": 875.0139765739441, "_step": 250, "_wandb": {"runtime": 874}}