{"train/loss": 0.01077090660482645, "_timestamp": 1716118700.7519286, "train/recon_loss": 0.01066327790170908, "train/embedding_loss": 0.00010762858408270404, "train/grad_penalty": 1.8410108909572288e-11, "val/AUC": 0.8671888888888889, "val/AP": 0.776097432982611, "val/normal_score": 0.018513966351747513, "val/abnormal_score": 0.04407798871397972, "_runtime": 380.69363355636597, "_step": 600, "_wandb": {"runtime": 379}}