{"train/loss": 0.11868513073163811, "_timestamp": 1716203517.9199011, "train/recon_loss": 0.11868513073163811, "train/embedding_loss": 0.009767901806312209, "train/grad_penalty": 1.3920751384055214e-15, "val/AUC": 0.7672747374239911, "val/AP": 0.6485764053881522, "val/normal_score": 0.20001357793807983, "val/abnormal_score": 0.332660973072052, "_runtime": 604.1228470802307, "_step": 250, "_wandb": {"runtime": 603}}