{"train/loss": 0.09761507507165273, "_timestamp": 1716199334.2637017, "train/recon_loss": 0.09761507507165273, "train/embedding_loss": 0.0032149864540745813, "train/grad_penalty": 2.544167757327284e-15, "val/AUC": 0.6829841224470558, "val/AP": 0.6518196905795275, "val/normal_score": 0.15921807289123535, "val/abnormal_score": 0.2008553296327591, "_runtime": 191.39593172073364, "_step": 250, "_wandb": {"runtime": 190}}