{"train/loss": 0.003215877883314064, "_timestamp": 1716125735.737026, "train/recon_loss": 0.003182352593170005, "train/embedding_loss": 3.352529256747895e-05, "train/grad_penalty": 3.9904123393335976e-13, "val/AUC": 0.7454677474380936, "val/AP": 0.6340803975528485, "val/normal_score": 0.006132225506007671, "val/abnormal_score": 0.01281675510108471, "_runtime": 873.0830719470978, "_step": 250, "_wandb": {"runtime": 872}}