{"train/loss": 0.0017395858365888198, "_timestamp": 1716545850.7558687, "train/recon_loss": 0.0017388526346960912, "train/embedding_loss": 7.332140462413476e-07, "train/grad_penalty": 3.2719883855385085e-14, "val/AUC": 0.6951637120594316, "val/AP": 0.5546861586221408, "val/normal_score": 0.001993696205317974, "val/abnormal_score": 0.002941771410405636, "_runtime": 1032.8488986492157, "_step": 250, "_wandb": {"runtime": 1031}}