{"train/loss": 0.00441527695950557, "_timestamp": 1716536456.8645072, "train/recon_loss": 0.0044099739420181035, "train/embedding_loss": 5.302982321597616e-06, "train/grad_penalty": 1.4144147874427383e-13, "val/AUC": 0.4368795, "val/AP": 0.48034399634409725, "val/normal_score": 0.004165716003626585, "val/abnormal_score": 0.00392494909465313, "_runtime": 651.3314890861511, "_step": 250, "_wandb": {"runtime": 650}}