{"train/g_loss": 1.8686156472725979, "train/adv_loss": 1.4727873501361617, "train/recon_loss": 0.007835504692464534, "train/enc_loss": 0.004053053386803886, "train/d_loss": 0.043701883050671096, "_timestamp": 1715132192.7986162, "val/AUC": 0.6449180573115356, "val/AP": 0.5333611213986729, "_runtime": 909.4314932823181, "_step": 250, "_wandb": {"runtime": 908}}