{"_wandb": {"runtime": 5}, "train/loss": 393.7293339903466, "_timestamp": 1715881274.741888, "_runtime": 6.4531409740448, "_step": 1}