{"train/loss": 0.008870562568306923, "_timestamp": 1716113853.3761213, "train/recon_loss": 0.008778957858681678, "train/embedding_loss": 9.160462243016809e-05, "train/grad_penalty": 1.3574541239333437e-12, "val/AUC": 0.5612809999999999, "val/AP": 0.60054698193344, "val/normal_score": 0.013207631185650826, "val/abnormal_score": 0.01622009091079235, "_runtime": 555.490962266922, "_step": 250, "_wandb": {"runtime": 554}}