{"train/g_loss": 0.9405235626498811, "train/adv_loss": 0.44918329258254974, "train/recon_loss": 0.009771660096789448, "train/enc_loss": 0.0027572714929992867, "train/d_loss": 0.06215467800886523, "_timestamp": 1716738044.9521437, "val/AUC": 0.5503182379549445, "val/AP": 0.7240599277031554, "_runtime": 626.0006875991821, "_step": 250, "_wandb": {"runtime": 625}}