{"train/loss": 0.010191920038067933, "_timestamp": 1715944905.339972, "val/AUC": 0.671765, "val/AP": 0.663372258966986, "val/normal_score": 0.017656780779361725, "val/abnormal_score": 0.024859314784407616, "_runtime": 536.9911179542542, "_step": 250, "_wandb": {"runtime": 536}}