{"train/loss": 0.008984518557786942, "_timestamp": 1715972925.5823941, "train/recon_loss": 0.008870778217911721, "train/embedding_loss": 0.00011374023475218565, "train/grad_penalty": 1.3039284062210665e-11, "val/AUC": 0.570284, "val/AP": 0.6113526794973485, "val/normal_score": 0.013488689437508583, "val/abnormal_score": 0.016909824684262276, "_runtime": 539.4714050292969, "_step": 250, "_wandb": {"runtime": 538}}