{"train/loss": 0.12000710546970367, "_timestamp": 1716192075.1391792, "train/recon_loss": 0.12000710546970367, "train/embedding_loss": 0.002479252116754651, "train/grad_penalty": 1.219489462753534e-13, "val/AUC": 0.555598, "val/AP": 0.562698207037627, "val/normal_score": 0.17433249950408936, "val/abnormal_score": 0.18983790278434753, "_runtime": 410.2204911708832, "_step": 250, "_wandb": {"runtime": 409}}