{"train/loss": 0.0387305988073349, "_timestamp": 1716153147.5286746, "train/recon_loss": 0.03835863717397054, "train/embedding_loss": 0.00037196203771357737, "train/grad_penalty": 2.0646460741879e-13, "val/AUC": 0.7593158801376267, "val/AP": 0.7380408699911416, "val/normal_score": 0.04474007710814476, "val/abnormal_score": 0.05671308934688568, "_runtime": 237.69670152664185, "_step": 250, "_wandb": {"runtime": 236}}