{"train/loss": 0.005032550196982327, "train/recon_loss": 0.004394842139342404, "train/entro_loss": 3.188540453470339, "_timestamp": 1716702832.795203, "val/AUC": 0.7995330278050572, "val/AP": 0.9030407550002686, "val/PixAUC": 0.934810450748649, "val/PixAP": 0.3916474369683108, "val/BestDice": 0.44354935214096347, "val/BestThresh": 0.08539117127656937, "val/normal_score": 0.00794489961117506, "val/abnormal_score": 0.01566026546061039, "_runtime": 853.867024898529, "_step": 250, "_wandb": {"runtime": 853}}