{"train/loss": 0.01002273630564614, "_timestamp": 1716108561.9287758, "train/recon_loss": 0.00991856856298227, "train/embedding_loss": 0.000104167733528775, "train/grad_penalty": 1.301124910624853e-12, "val/AUC": 0.6871449999999999, "val/AP": 0.6767452451106315, "val/normal_score": 0.01730283536016941, "val/abnormal_score": 0.024952014908194542, "_runtime": 536.975329875946, "_step": 250, "_wandb": {"runtime": 536}}