{"train/loss": 0.008792015038430691, "_timestamp": 1715974073.8915412, "train/recon_loss": 0.008697507128119468, "train/embedding_loss": 9.450796997407451e-05, "train/grad_penalty": 5.160014953514702e-12, "val/AUC": 0.5619959999999999, "val/AP": 0.6003806790621121, "val/normal_score": 0.01356997899711132, "val/abnormal_score": 0.016679923981428146, "_runtime": 538.8698923587799, "_step": 250, "_wandb": {"runtime": 538}}