{"train/loss": 0.0036996629633738822, "_timestamp": 1715105203.4771957, "val/AUC": 0.455574, "val/AP": 0.4956149434468825, "val/normal_score": 0.0037136636674404144, "val/abnormal_score": 0.003596733557060361, "_runtime": 280.48393964767456, "_step": 250, "_wandb": {"runtime": 277}}