{"_wandb": {"runtime": 5}, "train/loss": 2385.2057579627403, "_timestamp": 1715883406.0884237, "_runtime": 6.288562774658203, "_step": 1}