{"train/g_loss": 0.6502002534866334, "train/adv_loss": 0.11853867673873901, "train/recon_loss": 0.010558393023908139, "train/enc_loss": 0.0037419299520552157, "train/d_loss": 0.24199779731035231, "_timestamp": 1716727543.0549994, "val/AUC": 0.8564472222222222, "val/AP": 0.7734137261313553, "_runtime": 387.4210033416748, "_step": 600, "_wandb": {"runtime": 386}}