{"train/loss": 0.01011948493147045, "_timestamp": 1716061037.8259768, "train/recon_loss": 0.01001711219589808, "train/embedding_loss": 0.00010237276289641438, "train/grad_penalty": 1.4143906929850274e-12, "val/AUC": 0.6955630000000002, "val/AP": 0.6825078797427725, "val/normal_score": 0.017398575320839882, "val/abnormal_score": 0.02540421299636364, "_runtime": 539.584921836853, "_step": 250, "_wandb": {"runtime": 538}}