{"train/loss": 0.008919264931241469, "train/recon_loss": 0.006054757300050404, "train/kl_loss": 0.5729015358862812, "train/embedding": 0.0, "traing/grad": 0.0, "_timestamp": 1716637003.9397209, "val/AUC": 0.7485256772708786, "val/AP": 0.866549480723479, "val/PixAUC": 0.9295142218040291, "val/PixAP": 0.326369562470355, "val/BestDice": 0.3972378652248846, "val/BestThresh": 0.00011967196041950956, "val/normal_score": 1.5579456885461695e-05, "val/abnormal_score": 2.925702210632153e-05, "_runtime": 853.1001408100128, "_step": 250, "_wandb": {"runtime": 852}}