{"train/g_loss": 0.9048342226666619, "train/adv_loss": 0.2929676192297746, "train/recon_loss": 0.012162113695963346, "train/enc_loss": 0.003760922475739969, "train/d_loss": 0.08445864453838262, "_timestamp": 1716721471.1469665, "val/AUC": 0.806263, "val/AP": 0.7808660600042895, "_runtime": 568.1802835464478, "_step": 250, "_wandb": {"runtime": 567}}