{"train/loss": 0.011449058450758456, "train/recon_loss": 0.00728478663166364, "train/kl_loss": 0.6586994342803955, "train/embedding": 0.0008707745000720024, "traing/grad": 1.014442775116621e-13, "_timestamp": 1716607364.2788007, "val/AUC": 0.7542985551624473, "val/AP": 0.7211236887796874, "val/normal_score": 0.007830561138689518, "val/abnormal_score": 0.012168633751571178, "_runtime": 246.2775707244873, "_step": 250, "_wandb": {"runtime": 245}}