{"train/g_loss": 6.102927960689713, "train/adv_loss": 0.47666663568724627, "train/recon_loss": 0.11239984753371784, "train/enc_loss": 0.006268924386269829, "train/d_loss": 0.018428259797148266, "_timestamp": 1716736077.98902, "val/AUC": 0.5371478308304454, "val/AP": 0.5310326083403626, "_runtime": 801.3970491886139, "_step": 250, "_wandb": {"runtime": 800}}