{"train/loss": 0.5016364575182117, "_timestamp": 1716207479.9469795, "train/recon_loss": 0.5016364575182117, "train/embedding_loss": 0.0057095151054877905, "train/grad_penalty": 3.798835490380954e-14, "val/AUC": 0.3738496341933, "val/AP": 0.40677330640752163, "val/normal_score": 0.8719879388809204, "val/abnormal_score": 0.848687469959259, "_runtime": 627.2469305992126, "_step": 250, "_wandb": {"runtime": 626}}