{"train/loss": 0.01075116065889597, "_timestamp": 1715118949.3475683, "val/AUC": 0.8581472222222224, "val/AP": 0.7684214450953377, "val/normal_score": 0.018188858404755592, "val/abnormal_score": 0.04180271923542023, "_runtime": 288.58909821510315, "_step": 600, "_wandb": {"runtime": 287}}