{"train/loss": 0.004108819400511702, "_timestamp": 1716573605.04735, "train/recon_loss": 0.0041082397845757955, "train/embedding_loss": 5.795603177592981e-07, "train/grad_penalty": 1.422650918652595e-11, "val/AUC": 0.7746604965826465, "val/AP": 0.8795002309575303, "val/PixAUC": 0.8707126011575498, "val/PixAP": 0.3100522291018326, "val/BestDice": 0.3749139293205491, "val/BestThresh": 0.00015261021326296031, "val/normal_score": 2.7685147870215587e-05, "val/abnormal_score": 4.0412909584119916e-05, "_runtime": 877.3132779598236, "_step": 250, "_wandb": {"runtime": 876}}