{"train/loss": 0.09449302460749943, "_timestamp": 1716198437.2259645, "train/recon_loss": 0.09449302460749943, "train/embedding_loss": 0.0, "train/grad_penalty": 0.0, "val/AUC": 0.6807506526323471, "val/AP": 0.6476513441463088, "val/normal_score": 0.15923577547073364, "val/abnormal_score": 0.20099516212940216, "_runtime": 191.97754859924316, "_step": 250, "_wandb": {"runtime": 191}}