{"train/loss": 0.04181049621105194, "_timestamp": 1715936639.8758879, "val/AUC": 0.440034, "val/AP": 0.49879869612691724, "val/normal_score": 0.22678934037685394, "val/abnormal_score": 0.23612159490585327, "_runtime": 32.60626578330994, "_step": 12}