{"train/loss": 0.012582520940042384, "_timestamp": 1715941340.1342397, "val/AUC": 0.6535880000000001, "val/AP": 0.6509872457529209, "val/normal_score": 0.017606612294912338, "val/abnormal_score": 0.024054687470197678, "_runtime": 524.2563037872314, "_step": 250, "_wandb": {"runtime": 523}}