{"train/loss": 0.0107835586220026, "_timestamp": 1716065716.4809346, "train/recon_loss": 0.010749529145658016, "train/embedding_loss": 3.40296022768598e-05, "train/grad_penalty": 7.362148134182344e-12, "val/AUC": 0.556933, "val/AP": 0.5970826993794842, "val/normal_score": 0.013560189865529537, "val/abnormal_score": 0.016533272340893745, "_runtime": 558.5816085338593, "_step": 250, "_wandb": {"runtime": 557}}