{"train/loss": 0.12893628752231598, "_timestamp": 1716197543.226925, "train/recon_loss": 0.12893628752231598, "train/embedding_loss": 0.009494264468550681, "train/grad_penalty": 1.3817477452607351e-15, "val/AUC": 0.9271777777777779, "val/AP": 0.8563473352773933, "val/normal_score": 0.19552449882030487, "val/abnormal_score": 0.6368163824081421, "_runtime": 308.18573093414307, "_step": 600, "_wandb": {"runtime": 307}}