{"train/loss": 0.21555197192063122, "_timestamp": 1716162832.972273, "train/recon_loss": 0.21555197192063122, "train/embedding_loss": 0.0, "train/grad_penalty": 0.0, "val/AUC": 0.3487028301886792, "val/AP": 0.3915367785707906, "val/normal_score": 0.27192482352256775, "val/abnormal_score": 0.24034711718559265, "_runtime": 771.3232610225677, "_step": 250, "_wandb": {"runtime": 770}}