{"train/loss": 0.0033634138256311416, "_timestamp": 1716564295.697891, "train/recon_loss": 0.0032800889300803344, "train/embedding_loss": 8.332484884886071e-05, "train/grad_penalty": 1.1792215167301853e-12, "val/AUC": 0.8299643769926761, "val/AP": 0.7986836563182091, "val/normal_score": 2.74160393018974e-05, "val/abnormal_score": 4.1398219764232635e-05, "_runtime": 274.26565289497375, "_step": 250, "_wandb": {"runtime": 273}}