{"_wandb": {"runtime": 5}, "train/loss": 1073.6673687835455, "_timestamp": 1715880886.1460721, "_runtime": 6.368504047393799, "_step": 1}