{"train/loss": 0.003505198433884127, "_timestamp": 1715986100.9312768, "train/recon_loss": 0.0034661358553641193, "train/embedding_loss": 3.906255197008717e-05, "train/grad_penalty": 2.6495260502963327e-12, "val/AUC": 0.7421218075373043, "val/AP": 0.6287863192282477, "val/normal_score": 0.0062781344167888165, "val/abnormal_score": 0.0129834720864892, "_runtime": 850.6963489055634, "_step": 250, "_wandb": {"runtime": 849}}