{"train/loss": 0.1188069776700647, "_timestamp": 1716205489.900568, "train/recon_loss": 0.1188069776700647, "train/embedding_loss": 0.009884763415416704, "train/grad_penalty": 2.34832061850628e-15, "val/AUC": 0.7681723396220219, "val/AP": 0.6501806121088218, "val/normal_score": 0.20029233396053314, "val/abnormal_score": 0.3335128128528595, "_runtime": 605.2691080570221, "_step": 250, "_wandb": {"runtime": 604}}