{"_wandb": {"runtime": 5}, "train/loss": 535.1479849995414, "_timestamp": 1715883659.8403528, "_runtime": 6.275665760040283, "_step": 1}