{"train/loss": 0.07149502612946405, "_timestamp": 1716142303.7216375, "train/recon_loss": 0.07112434532534949, "train/embedding_loss": 0.00037068120327008385, "train/grad_penalty": 9.683879077316345e-12, "val/AUC": 0.678199, "val/AP": 0.6765738788044573, "val/normal_score": 0.09053779393434525, "val/abnormal_score": 0.10827438533306122, "_runtime": 530.1819884777069, "_step": 250, "_wandb": {"runtime": 529}}