{"train/loss": 0.06706819820404053, "_timestamp": 1716146390.2847831, "train/recon_loss": 0.06678599590063095, "train/embedding_loss": 0.0002822025038767606, "train/grad_penalty": 6.894406807608777e-13, "val/AUC": 0.576358, "val/AP": 0.6113135995449044, "val/normal_score": 0.07750076055526733, "val/abnormal_score": 0.08540904521942139, "_runtime": 555.9365940093994, "_step": 250, "_wandb": {"runtime": 555}}