{"train/loss": 0.03928579125801722, "_timestamp": 1716153683.9466434, "train/recon_loss": 0.038813159982363385, "train/embedding_loss": 0.0004726314478709052, "train/grad_penalty": 2.6439178369789633e-12, "val/AUC": 0.7762455509250883, "val/AP": 0.7514126834604719, "val/normal_score": 0.04531623423099518, "val/abnormal_score": 0.05852236598730087, "_runtime": 237.51120829582214, "_step": 250, "_wandb": {"runtime": 236}}