{"train/loss": 0.0038697090074419974, "_timestamp": 1716563988.3523042, "train/recon_loss": 0.0038461911032597225, "train/embedding_loss": 2.3517909712002924e-05, "train/grad_penalty": 7.619954395475063e-13, "val/AUC": 0.7766256513019958, "val/AP": 0.7715290618572324, "val/normal_score": 3.274962728028186e-05, "val/abnormal_score": 4.8224024794762954e-05, "_runtime": 276.26311326026917, "_step": 250, "_wandb": {"runtime": 275}}