{"train/loss": 0.07728862129854706, "_timestamp": 1716131871.1801977, "train/recon_loss": 0.077053612976704, "train/embedding_loss": 0.00023500785004983087, "train/grad_penalty": 4.269153868862237e-12, "val/AUC": 0.36255856116031315, "val/AP": 0.4010340182838539, "val/normal_score": 0.12413708865642548, "val/abnormal_score": 0.1012149229645729, "_runtime": 774.3859827518463, "_step": 250, "_wandb": {"runtime": 773}}