{"_wandb": {"runtime": 5}, "train/loss": 1027.8624179670687, "_timestamp": 1715884605.4195518, "_runtime": 6.314466953277588, "_step": 1}