{"train/loss": 0.009802831861015115, "train/recon_loss": 0.0066772846892525625, "train/kl_loss": 0.4961125908074031, "train/embedding": 0.0006449841894209385, "traing/grad": 4.0471257936732993e-14, "_timestamp": 1716659147.6305277, "val/AUC": 0.7754602763642136, "val/AP": 0.864381005086495, "val/PixAUC": 0.9086153468133037, "val/PixAP": 0.3820941781519457, "val/BestDice": 0.43087744994633437, "val/BestThresh": 0.00015286181587725878, "val/normal_score": 2.6660916773835197e-05, "val/abnormal_score": 3.584814112400636e-05, "_runtime": 947.7367577552795, "_step": 250, "_wandb": {"runtime": 946}}