{"train/loss": 0.07058997899293899, "_timestamp": 1716144631.9429264, "train/recon_loss": 0.07042026823759079, "train/embedding_loss": 0.00016971075476612896, "train/grad_penalty": 2.46582987015187e-12, "val/AUC": 0.578062, "val/AP": 0.6113724571532867, "val/normal_score": 0.07867355644702911, "val/abnormal_score": 0.08673018962144852, "_runtime": 549.543550491333, "_step": 250, "_wandb": {"runtime": 548}}