{"train/loss": 0.0021692935911317665, "_timestamp": 1716543692.2368476, "train/recon_loss": 0.002113793158282836, "train/embedding_loss": 5.550043142284267e-05, "train/grad_penalty": 5.18988341704762e-15, "val/AUC": 0.6058237459348265, "val/AP": 0.5929947129720272, "val/normal_score": 0.002055044751614332, "val/abnormal_score": 0.00231799460016191, "_runtime": 271.4276945590973, "_step": 250, "_wandb": {"runtime": 270}}