{"train/loss": 0.009048052325844765, "_timestamp": 1716065122.5698693, "train/recon_loss": 0.008916670247912407, "train/embedding_loss": 0.00013138204585993663, "train/grad_penalty": 2.1179322046149805e-12, "val/AUC": 0.565696, "val/AP": 0.602840273423627, "val/normal_score": 0.013284137472510338, "val/abnormal_score": 0.01642044074833393, "_runtime": 556.1861343383789, "_step": 250, "_wandb": {"runtime": 555}}