{"train/loss": 0.01083032938838005, "_timestamp": 1715977921.824669, "train/recon_loss": 0.010725769229233266, "train/embedding_loss": 0.00010456032527144998, "train/grad_penalty": 1.860999476049896e-12, "val/AUC": 0.8614555555555555, "val/AP": 0.7711627557201026, "val/normal_score": 0.018267760053277016, "val/abnormal_score": 0.04302907735109329, "_runtime": 371.9200577735901, "_step": 600, "_wandb": {"runtime": 370}}