{"train/g_loss": 0.9996334081363066, "train/adv_loss": 0.45851906422791927, "train/recon_loss": 0.010785386746789534, "train/enc_loss": 0.0018450182483172586, "train/d_loss": 0.013208408141757508, "_timestamp": 1716738697.226254, "val/AUC": 0.5697671462865419, "val/AP": 0.7284788438208263, "_runtime": 621.9627950191498, "_step": 250, "_wandb": {"runtime": 621}}