{"train/loss": 0.010053919302021503, "_timestamp": 1715960540.7396631, "val/AUC": 0.6866375, "val/AP": 0.673455524643196, "val/normal_score": 0.01738182082772255, "val/abnormal_score": 0.025110885500907898, "_runtime": 541.2416071891785, "_step": 250, "_wandb": {"runtime": 540}}