{"train/loss": 0.21804432795857484, "_timestamp": 1716163653.3469677, "train/recon_loss": 0.21796695278875483, "train/embedding_loss": 7.737341869377924e-05, "train/grad_penalty": 2.7486020949654357e-11, "val/AUC": 0.3426220960082146, "val/AP": 0.3893080543374592, "val/normal_score": 0.2769458293914795, "val/abnormal_score": 0.24225790798664093, "_runtime": 776.2858436107635, "_step": 250, "_wandb": {"runtime": 775}}