{"train/loss": 0.008952298849821091, "_timestamp": 1716561163.2321484, "train/recon_loss": 0.008836201906204223, "train/embedding_loss": 0.00011609688337193803, "train/grad_penalty": 5.653347755207872e-12, "val/AUC": 0.596902, "val/AP": 0.6197830343245574, "val/normal_score": 4.8913494538282976e-05, "val/abnormal_score": 5.554588642553426e-05, "_runtime": 599.4804484844208, "_step": 250, "_wandb": {"runtime": 595}}