{"train/loss": 0.009955606380996535, "_timestamp": 1715947835.0999718, "val/AUC": 0.685848, "val/AP": 0.6739781983133222, "val/normal_score": 0.017471984028816223, "val/abnormal_score": 0.02511650323867798, "_runtime": 558.2694048881531, "_step": 250, "_wandb": {"runtime": 557}}