{"train/g_loss": 0.5016194858918477, "train/adv_loss": 0.22203404808647415, "train/recon_loss": 0.005559981068119856, "train/enc_loss": 0.0015863886222905032, "train/d_loss": 0.07857595928317647, "_timestamp": 1715151648.7487962, "val/AUC": 0.6397742265075539, "val/AP": 0.7835794305556604, "_runtime": 643.6769943237305, "_step": 250, "_wandb": {"runtime": 618}}