{"train/loss": 0.01074666028469801, "_timestamp": 1716072335.8131967, "train/recon_loss": 0.010641226775944233, "train/embedding_loss": 0.00010543359402799978, "train/grad_penalty": 1.8360942793949064e-11, "val/AUC": 0.8698638888888889, "val/AP": 0.7782288922183173, "val/normal_score": 0.01840512454509735, "val/abnormal_score": 0.044136952608823776, "_runtime": 379.7480945587158, "_step": 600, "_wandb": {"runtime": 378}}