{"train/loss": 0.004307417671085642, "_timestamp": 1716537127.6497452, "train/recon_loss": 0.004296929871755834, "train/embedding_loss": 1.0487847670715372e-05, "train/grad_penalty": 7.813875778510733e-14, "val/AUC": 0.44769499999999995, "val/AP": 0.4884502270246398, "val/normal_score": 0.004042732995003462, "val/abnormal_score": 0.003878885181620717, "_runtime": 632.6156582832336, "_step": 250, "_wandb": {"runtime": 631}}