{"train/loss": 0.01075235304236412, "_timestamp": 1715975486.9045765, "train/recon_loss": 0.010739702358841896, "train/embedding_loss": 1.2650649405259173e-05, "train/grad_penalty": 9.85187437185786e-12, "val/AUC": 0.8652527777777776, "val/AP": 0.7761779078274376, "val/normal_score": 0.017963524907827377, "val/abnormal_score": 0.04318954423069954, "_runtime": 387.10183453559875, "_step": 600, "_wandb": {"runtime": 386}}