{"train/loss": 0.11491445509435852, "_timestamp": 1716189008.9491255, "train/recon_loss": 0.11491445509435852, "train/embedding_loss": 0.008471578916075771, "train/grad_penalty": 9.849470489786857e-15, "val/AUC": 0.8031214999999999, "val/AP": 0.7829405262172566, "val/normal_score": 0.17522867023944855, "val/abnormal_score": 0.2574049234390259, "_runtime": 399.97377252578735, "_step": 250, "_wandb": {"runtime": 399}}