{"train/loss": 0.025712577536702155, "train/recon_loss": 0.01743579711019993, "train/kl_loss": 1.1139725265502929, "train/embedding": 0.0027069179341197014, "traing/grad": 1.0124219577923796e-13, "_timestamp": 1716644268.428438, "val/AUC": 0.5544, "val/AP": 0.5703877589074569, "val/normal_score": 5.3481373470276594e-05, "val/abnormal_score": 5.6936674809549004e-05, "_runtime": 600.9715418815613, "_step": 250, "_wandb": {"runtime": 600}}