{"train/loss": 0.003312628428141276, "_timestamp": 1716074478.118723, "train/recon_loss": 0.00323960758994023, "train/embedding_loss": 7.302082632668316e-05, "train/grad_penalty": 4.902060774085911e-13, "val/AUC": 0.8035793292292628, "val/AP": 0.7661121451204833, "val/normal_score": 0.0036249507684260607, "val/abnormal_score": 0.00653451681137085, "_runtime": 237.34261989593506, "_step": 250, "_wandb": {"runtime": 236}}