{"train/loss": 0.003299919524540504, "_timestamp": 1716074209.0770361, "train/recon_loss": 0.003226261366158724, "train/embedding_loss": 7.36582131163838e-05, "train/grad_penalty": 2.362735692859608e-13, "val/AUC": 0.808914418119537, "val/AP": 0.7730562858122447, "val/normal_score": 0.00358406500890851, "val/abnormal_score": 0.00653134984895587, "_runtime": 236.7391231060028, "_step": 250, "_wandb": {"runtime": 235}}