{"train/loss": 0.010692589111626148, "_timestamp": 1716118294.765641, "train/recon_loss": 0.010591480433940887, "train/embedding_loss": 0.00010110846487805247, "train/grad_penalty": 2.103563264549413e-12, "val/AUC": 0.8701861111111112, "val/AP": 0.780204684555206, "val/normal_score": 0.01814604364335537, "val/abnormal_score": 0.04403827339410782, "_runtime": 379.4900269508362, "_step": 600, "_wandb": {"runtime": 378}}