{"train/loss": 0.00857028316706419, "_timestamp": 1715891208.1683602, "val/AUC": 0.5598380000000001, "val/AP": 0.5989665556562509, "val/normal_score": 0.013122201897203922, "val/abnormal_score": 0.016071828082203865, "_runtime": 278.1178503036499, "_step": 250, "_wandb": {"runtime": 277}}