{"train/loss": 0.027522904883315547, "_timestamp": 1716177108.2384098, "train/recon_loss": 0.0274425324285237, "train/embedding_loss": 8.037240490203113e-05, "train/grad_penalty": 2.616080160283879e-12, "val/AUC": 0.8141813974942713, "val/AP": 0.8954090406562702, "val/PixAUC": 0.910574860115553, "val/PixAP": 0.2806543234567192, "val/BestDice": 0.354512389834514, "val/BestThresh": 0.24645736813545227, "val/normal_score": 0.03369629755616188, "val/abnormal_score": 0.05182065814733505, "_runtime": 806.164294719696, "_step": 250, "_wandb": {"runtime": 805}}