{"train/loss": 0.009900731348725952, "_timestamp": 1716105114.8000717, "train/recon_loss": 0.009900731348725952, "train/embedding_loss": 0.0, "train/grad_penalty": 0.0, "val/AUC": 0.6939160000000001, "val/AP": 0.6814879691610164, "val/normal_score": 0.017144447192549706, "val/abnormal_score": 0.025028299540281296, "_runtime": 535.4350776672363, "_step": 250, "_wandb": {"runtime": 534}}