{"train/loss": 0.0031529475679228014, "_timestamp": 1716565242.888215, "train/recon_loss": 0.0031529475679228014, "train/embedding_loss": 0.0, "train/grad_penalty": 0.0, "val/AUC": 0.7489450437581071, "val/AP": 0.6346627050182212, "val/normal_score": 2.9082650144118816e-05, "val/abnormal_score": 4.568801523419097e-05, "_runtime": 894.4097990989685, "_step": 250, "_wandb": {"runtime": 892}}