{"train/loss": 0.0030964940877688256, "_timestamp": 1715133211.5750325, "val/AUC": 0.7348552434016203, "val/AP": 0.6313203119028105, "val/normal_score": 3.163550718454644e-05, "val/abnormal_score": 4.8943678848445415e-05, "_runtime": 461.2113313674927, "_step": 250, "_wandb": {"runtime": 460}}