{"train/loss": 0.07588526761194445, "_timestamp": 1715992801.942424, "train/recon_loss": 0.07569827851634356, "train/embedding_loss": 0.0001869900772602842, "train/grad_penalty": 4.332414730841711e-12, "val/AUC": 0.36441968296752664, "val/AP": 0.4005838150904866, "val/normal_score": 0.12550146877765656, "val/abnormal_score": 0.10172092169523239, "_runtime": 755.6454410552979, "_step": 250, "_wandb": {"runtime": 754}}