{"train/loss": 0.010056336975038067, "_timestamp": 1716059880.389067, "train/recon_loss": 0.009924741784002804, "train/embedding_loss": 0.00013159514877764895, "train/grad_penalty": 1.971940250807335e-12, "val/AUC": 0.6898130000000001, "val/AP": 0.6796758489091161, "val/normal_score": 0.01758294738829136, "val/abnormal_score": 0.02558092027902603, "_runtime": 540.4502840042114, "_step": 250, "_wandb": {"runtime": 539}}