{"train/loss": 0.07754863315970643, "_timestamp": 1716090401.4817107, "train/recon_loss": 0.07731160643340657, "train/embedding_loss": 0.00023702646930754746, "train/grad_penalty": 4.402376637589177e-11, "val/AUC": 0.3599040559620075, "val/AP": 0.39943160527974236, "val/normal_score": 0.12431398034095764, "val/abnormal_score": 0.10074533522129059, "_runtime": 770.3783946037292, "_step": 250, "_wandb": {"runtime": 769}}