{"train/loss": 0.06860247844457626, "_timestamp": 1716150450.0033472, "train/recon_loss": 0.06837975645065307, "train/embedding_loss": 0.00022272246808279305, "train/grad_penalty": 4.528738061643223e-13, "val/AUC": 0.8004388888888889, "val/AP": 0.7201221595294867, "val/normal_score": 0.07962349057197571, "val/abnormal_score": 0.12157201021909714, "_runtime": 385.02128624916077, "_step": 600, "_wandb": {"runtime": 384}}