{"train/loss": 0.010058070859702275, "_timestamp": 1716055465.2923589, "train/recon_loss": 0.009954246498162608, "train/embedding_loss": 0.00010382436453620534, "train/grad_penalty": 2.6144003776409705e-12, "val/AUC": 0.6902719999999999, "val/AP": 0.6804315416631587, "val/normal_score": 0.017529401928186417, "val/abnormal_score": 0.02539394050836563, "_runtime": 538.7972259521484, "_step": 250, "_wandb": {"runtime": 537}}