{"train/loss": 0.20484968769550324, "_timestamp": 1715117688.7771263, "val/AUC": 0.955786111111111, "val/AP": 0.9192682450596643, "val/normal_score": 0.23899246752262115, "val/abnormal_score": 0.5230944752693176, "_runtime": 1257.1664633750916, "_step": 600, "_wandb": {"runtime": 1256}}