{"train/loss": 0.004009935307822727, "_timestamp": 1715999336.4138615, "train/recon_loss": 0.004008329070308778, "train/embedding_loss": 1.6062496628364034e-06, "train/grad_penalty": 6.869087735962539e-12, "val/AUC": 0.8265587645944312, "val/AP": 0.9205349638123966, "val/PixAUC": 0.9040181585570931, "val/PixAP": 0.28860084703713795, "val/BestDice": 0.361117995953634, "val/BestThresh": 0.06501466780900955, "val/normal_score": 0.005868945270776749, "val/abnormal_score": 0.013551768846809864, "_runtime": 791.697363615036, "_step": 250, "_wandb": {"runtime": 790}}