{"train/loss": 0.0020729847233742476, "_timestamp": 1716542788.0618148, "train/recon_loss": 0.0020729847233742476, "train/embedding_loss": 0.0, "train/grad_penalty": 0.0, "val/AUC": 0.5697735057874083, "val/AP": 0.548045020781857, "val/normal_score": 0.0016442827181890607, "val/abnormal_score": 0.0017887987196445465, "_runtime": 270.7731397151947, "_step": 250, "_wandb": {"runtime": 269}}