{"train/loss": 0.011113089427496408, "train/recon_loss": 0.006528438564103811, "train/kl_loss": 0.9169301896909562, "train/embedding": 0.0, "traing/grad": 0.0, "_timestamp": 1716629810.7939184, "val/AUC": 0.7316625526565923, "val/AP": 0.6309848744533623, "val/normal_score": 1.5032677765702829e-05, "val/abnormal_score": 3.261932579334825e-05, "_runtime": 910.7079033851624, "_step": 250, "_wandb": {"runtime": 909}}