{"train/loss": 0.003502537987537343, "_timestamp": 1715988803.2073743, "train/recon_loss": 0.0034627385199970046, "train/embedding_loss": 3.979947017509237e-05, "train/grad_penalty": 7.708338074048711e-12, "val/AUC": 0.7426289892670859, "val/AP": 0.6325005337908396, "val/normal_score": 0.006224889308214188, "val/abnormal_score": 0.01291751116514206, "_runtime": 852.4641354084015, "_step": 250, "_wandb": {"runtime": 851}}