{"train/loss": 0.009987738491811093, "_timestamp": 1716054858.7652535, "train/recon_loss": 0.00988455577887705, "train/embedding_loss": 0.00010318273837249837, "train/grad_penalty": 2.625709082774613e-12, "val/AUC": 0.693451, "val/AP": 0.6821175188799427, "val/normal_score": 0.01750226505100727, "val/abnormal_score": 0.02547110989689827, "_runtime": 535.5373785495758, "_step": 250, "_wandb": {"runtime": 534}}