{"train/loss": 0.0033037120600541434, "_timestamp": 1716073672.1567922, "train/recon_loss": 0.0032306423435608544, "train/embedding_loss": 7.306973275262862e-05, "train/grad_penalty": 2.1864518688051912e-13, "val/AUC": 0.8075262915430708, "val/AP": 0.7706745054032015, "val/normal_score": 0.003608357859775424, "val/abnormal_score": 0.006519138813018799, "_runtime": 236.78311920166016, "_step": 250, "_wandb": {"runtime": 235}}