{"train/loss": 0.06805039119720459, "_timestamp": 1716147976.2793713, "train/recon_loss": 0.06805039119720459, "train/embedding_loss": 0.0, "train/grad_penalty": 0.0, "val/AUC": 0.808536111111111, "val/AP": 0.7253291713049181, "val/normal_score": 0.0794820711016655, "val/abnormal_score": 0.12224604189395905, "_runtime": 383.92909932136536, "_step": 600, "_wandb": {"runtime": 383}}