{"train/loss": 0.0041328134213884675, "_timestamp": 1716584040.5568411, "train/recon_loss": 0.0041232284680008885, "train/embedding_loss": 9.584941071807407e-06, "train/grad_penalty": 1.2982662468223141e-12, "val/AUC": 0.7790263652825438, "val/AP": 0.7545450333670096, "val/normal_score": 0.00433734804391861, "val/abnormal_score": 0.007017889991402626, "_runtime": 286.3103952407837, "_step": 250, "_wandb": {"runtime": 285}}