{"_wandb": {"runtime": 6}, "train/loss": 499.29373586922355, "_timestamp": 1715881348.1398091, "_runtime": 6.8882880210876465, "_step": 1}