{"train/g_loss": 0.9689146292051752, "train/adv_loss": 0.31644221189981064, "train/recon_loss": 0.012967488529430027, "train/enc_loss": 0.004097993927892908, "train/d_loss": 0.06635409421392677, "_timestamp": 1716723269.037601, "val/AUC": 0.7955460000000001, "val/AP": 0.7706241519912007, "_runtime": 558.3900599479675, "_step": 250, "_wandb": {"runtime": 557}}