{"train/loss": 0.07143328284496024, "_timestamp": 1716140580.8491123, "train/recon_loss": 0.07108168979181435, "train/embedding_loss": 0.0003515929508630464, "train/grad_penalty": 2.842652348400017e-12, "val/AUC": 0.6738069999999998, "val/AP": 0.6745651233826206, "val/normal_score": 0.09022511541843414, "val/abnormal_score": 0.10754851996898651, "_runtime": 534.2694153785706, "_step": 250, "_wandb": {"runtime": 533}}