{"train/loss": 0.5022102856785996, "_timestamp": 1716211497.9796047, "train/recon_loss": 0.5022102856785996, "train/embedding_loss": 0.016316749858406355, "train/grad_penalty": 1.6795690460122215e-14, "val/AUC": 0.38345727441920163, "val/AP": 0.4111249358751964, "val/normal_score": 0.8681421279907227, "val/abnormal_score": 0.8441805243492126, "_runtime": 622.750150680542, "_step": 250, "_wandb": {"runtime": 621}}