{"train/loss": 0.395663653529665, "_timestamp": 1715138375.406135, "val/AUC": 0.7575768514953151, "val/AP": 0.6737217139131599, "val/normal_score": 0.49095121026039124, "val/abnormal_score": 0.5832507610321045, "_runtime": 2525.976040124893, "_step": 250, "_wandb": {"runtime": 2525}}