{"train/loss": 0.020922530964016913, "train/recon_loss": 0.013302545920014381, "train/kl_loss": 1.523997040748596, "_timestamp": 1715118142.7995315, "val/AUC": 0.8531722222222221, "val/AP": 0.768243969760524, "val/normal_score": 0.021253634244203568, "val/abnormal_score": 0.046191297471523285, "_runtime": 206.39986848831177, "_step": 600, "_wandb": {"runtime": 205}}