{"train/loss": 0.014937113105311801, "train/recon_loss": 0.00979059223921818, "train/kl_loss": 0.7025618206912417, "train/embedding": 0.0016337117413058877, "traing/grad": 2.2935015821598124e-15, "_timestamp": 1716649872.5436528, "val/AUC": 0.7451521271530138, "val/AP": 0.6331202857366698, "val/normal_score": 3.0614981369581074e-05, "val/abnormal_score": 4.3412110244389623e-05, "_runtime": 918.7170658111572, "_step": 250, "_wandb": {"runtime": 917}}