{"train/loss": -3.5118685270878798, "train/recon_loss": 0.04772902328836836, "train/log_var": -4.504537154025347, "_timestamp": 1716769367.0649264, "val/AUC": 0.7790543255066511, "val/AP": 0.8563601097365465, "val/PixAUC": 0.8123037979217269, "val/PixAP": 0.15428203671185087, "val/BestDice": 0.2932847100695205, "val/BestThresh": 2.88777232170105, "val/normal_score": 1.2250266075134277, "val/abnormal_score": 1.1465409994125366, "_runtime": 822.0092823505402, "_step": 250, "_wandb": {"runtime": 821}}