{"train/loss": 0.00322959158072869, "_timestamp": 1716563368.7385004, "train/recon_loss": 0.00322959158072869, "train/embedding_loss": 0.0, "train/grad_penalty": 0.0, "val/AUC": 0.8313236159404976, "val/AP": 0.7996317259041628, "val/normal_score": 2.5810828446992673e-05, "val/abnormal_score": 3.89624728995841e-05, "_runtime": 276.9929304122925, "_step": 250, "_wandb": {"runtime": 274}}