{"train/loss": 0.02570272424817085, "train/recon_loss": 0.017441926419734955, "train/kl_loss": 1.1119603185653686, "train/embedding": 0.002700996119529009, "traing/grad": 1.2278298224064482e-13, "_timestamp": 1716625150.631343, "val/AUC": 0.5312669999999999, "val/AP": 0.5592912868866537, "val/normal_score": 3.173032382619567e-05, "val/abnormal_score": 3.6884383007418364e-05, "_runtime": 628.7800757884979, "_step": 250, "_wandb": {"runtime": 627}}