{"train/loss": 0.0032848224917525325, "_timestamp": 1716123885.9897552, "train/recon_loss": 0.0032466536888881886, "train/embedding_loss": 3.816883389757825e-05, "train/grad_penalty": 8.606741975928385e-13, "val/AUC": 0.739990914514337, "val/AP": 0.6299361247390498, "val/normal_score": 0.0062592290341854095, "val/abnormal_score": 0.012835058383643627, "_runtime": 870.487368106842, "_step": 250, "_wandb": {"runtime": 869}}