{"train/loss": 0.0017004691760914503, "_timestamp": 1715148449.7906682, "val/AUC": 0.6804129591603923, "val/AP": 0.8044459634596153, "val/PixAUC": 0.8256790315857483, "val/PixAP": 0.15429220676782568, "val/BestDice": 0.2329361917763085, "val/BestThresh": 0.0132931312546134, "val/normal_score": 0.002491370541974902, "val/abnormal_score": 0.0033522548619657755, "_runtime": 511.7866463661194, "_step": 250, "_wandb": {"runtime": 510}}