{"train/loss": 0.010026425758284335, "_timestamp": 1715890897.6274364, "val/AUC": 0.680653, "val/AP": 0.6674719637304424, "val/normal_score": 0.017248718068003654, "val/abnormal_score": 0.024650344625115395, "_runtime": 269.88525342941284, "_step": 250, "_wandb": {"runtime": 268}}