{"train/loss": 0.010078098043563365, "_timestamp": 1716061617.8587036, "train/recon_loss": 0.009956869387419246, "train/embedding_loss": 0.00012122871259088822, "train/grad_penalty": 5.9592446603894966e-12, "val/AUC": 0.6922290000000001, "val/AP": 0.6820068181205291, "val/normal_score": 0.017483938485383987, "val/abnormal_score": 0.025494035333395004, "_runtime": 542.7817895412445, "_step": 250, "_wandb": {"runtime": 541}}