{"_wandb": {"runtime": 11}, "train/loss": -0.23167588960904636, "train/recon_loss": 0.2524632726612415, "train/log_var": -0.7496992598390059, "_timestamp": 1716750121.9718938, "_runtime": 6.464038848876953, "_step": 1}