{"train/loss": 0.009651796102922355, "_timestamp": 1715890477.6445367, "val/AUC": 0.684459, "val/AP": 0.675596962607853, "val/normal_score": 0.017240134999155998, "val/abnormal_score": 0.02488918974995613, "_runtime": 268.7754337787628, "_step": 250, "_wandb": {"runtime": 267}}