{"train/loss": 0.004099071260541678, "_timestamp": 1715979377.3726928, "train/recon_loss": 0.004067830382535855, "train/embedding_loss": 3.1240860029356554e-05, "train/grad_penalty": 3.5367773894752947e-12, "val/AUC": 0.7605413237527767, "val/AP": 0.7086578473855951, "val/normal_score": 0.004410342313349247, "val/abnormal_score": 0.006964815780520439, "_runtime": 232.07166075706482, "_step": 250, "_wandb": {"runtime": 231}}