{"train/loss": 0.002111565520366033, "_timestamp": 1716543390.8129888, "train/recon_loss": 0.0021033794209361074, "train/embedding_loss": 8.186076377266242e-06, "train/grad_penalty": 1.1386769791316721e-14, "val/AUC": 0.5455428669603068, "val/AP": 0.5421635122412469, "val/normal_score": 0.0016631765756756067, "val/abnormal_score": 0.0017766292439773679, "_runtime": 270.938218832016, "_step": 250, "_wandb": {"runtime": 269}}