{"train/loss": 0.008996569655835628, "_timestamp": 1715971193.1318297, "train/recon_loss": 0.008865477420389652, "train/embedding_loss": 0.00013109214103315024, "train/grad_penalty": 4.7487094222142814e-12, "val/AUC": 0.562449, "val/AP": 0.6041066947235795, "val/normal_score": 0.013544519431889057, "val/abnormal_score": 0.016737602651119232, "_runtime": 538.8972208499908, "_step": 250, "_wandb": {"runtime": 538}}