{"train/loss": 0.00852544755817342, "_timestamp": 1715963365.0716739, "train/recon_loss": 0.008449942594231088, "train/embedding_loss": 7.550492694849786e-05, "train/grad_penalty": 7.171293216056351e-12, "val/AUC": 0.6820605000000001, "val/AP": 0.6706938636041475, "val/normal_score": 0.017613235861063004, "val/abnormal_score": 0.025382352992892265, "_runtime": 874.1093697547913, "_step": 400, "_wandb": {"runtime": 873}}