{"train/loss": 0.013460793740654635, "_timestamp": 1716557265.3102071, "train/recon_loss": 0.013436805759659373, "train/embedding_loss": 2.3987963150178115e-05, "train/grad_penalty": 1.157189917044878e-11, "val/AUC": 0.724108, "val/AP": 0.7022181765537163, "val/normal_score": 5.5953052651602775e-05, "val/abnormal_score": 7.272736547747627e-05, "_runtime": 587.0247640609741, "_step": 250, "_wandb": {"runtime": 586}}