{"train/loss": 0.010121956163394825, "_timestamp": 1715955715.8888853, "val/AUC": 0.685143, "val/AP": 0.6730518511329757, "val/normal_score": 0.017107784748077393, "val/abnormal_score": 0.024520063772797585, "_runtime": 542.7084612846375, "_step": 250, "_wandb": {"runtime": 541}}