{"train/loss": 0.0027844133808199475, "_timestamp": 1716572659.9848487, "train/recon_loss": 0.0027844133808199475, "train/embedding_loss": 0.0, "train/grad_penalty": 0.0, "val/AUC": 0.7908631669791388, "val/AP": 0.8967894268331045, "val/PixAUC": 0.8559572677347493, "val/PixAP": 0.28561281904786734, "val/BestDice": 0.3568307946628882, "val/BestThresh": 0.00016676569066476077, "val/normal_score": 3.142678178846836e-05, "val/abnormal_score": 4.714753231382929e-05, "_runtime": 975.668134689331, "_step": 250, "_wandb": {"runtime": 974}}