{"train/loss": 0.008695373602912124, "train/recon_loss": 0.005862127331898724, "train/kl_loss": 0.5666492684695421, "_timestamp": 1715149021.7883167, "val/AUC": 0.8093808588518883, "val/AP": 0.9079633867538539, "val/PixAUC": 0.9355353136650821, "val/PixAP": 0.39453712958751225, "val/BestDice": 0.4423675013231054, "val/BestThresh": 0.09016051143407822, "val/normal_score": 0.008309677243232727, "val/abnormal_score": 0.016329672187566757, "_runtime": 520.9184226989746, "_step": 250, "_wandb": {"runtime": 520}}