{"train/loss": 0.04019938551386197, "_timestamp": 1715120703.4419222, "val/AUC": 0.7679175516670445, "val/AP": 0.7289358188883739, "val/normal_score": 0.04083729907870293, "val/abnormal_score": 0.05349215120077133, "_runtime": 120.79028415679932, "_step": 250, "_wandb": {"runtime": 119}}