{"train/loss": 0.0034035625228606924, "_timestamp": 1715987002.9878182, "train/recon_loss": 0.003368219255353758, "train/embedding_loss": 3.534325380957794e-05, "train/grad_penalty": 6.990201759033388e-13, "val/AUC": 0.7460916904294077, "val/AP": 0.6322281043366513, "val/normal_score": 0.006221177522093058, "val/abnormal_score": 0.012983027845621109, "_runtime": 851.7365782260895, "_step": 250, "_wandb": {"runtime": 850}}