{"train/loss": 0.1103140461780721, "_timestamp": 1716190310.5697956, "train/recon_loss": 0.1103140461780721, "train/embedding_loss": 0.009012029059347363, "train/grad_penalty": 3.1352693320879293e-15, "val/AUC": 0.806229, "val/AP": 0.7868146079059098, "val/normal_score": 0.174716979265213, "val/abnormal_score": 0.25887683033943176, "_runtime": 396.6181266307831, "_step": 250, "_wandb": {"runtime": 395}}