{"train/g_loss": 0.9597277822494507, "train/adv_loss": 0.3234776763916016, "train/recon_loss": 0.012662270545959472, "train/enc_loss": 0.0031365722715854644, "train/d_loss": 0.06728886243700981, "_timestamp": 1716725123.1474798, "val/AUC": 0.60335, "val/AP": 0.5765147085398027, "_runtime": 594.0385737419128, "_step": 250, "_wandb": {"runtime": 593}}