{"train/loss": 0.0032087256430143366, "_timestamp": 1715892053.1436088, "val/AUC": 0.7460697976928705, "val/AP": 0.6336473119230632, "val/normal_score": 0.006234043277800083, "val/abnormal_score": 0.013174557127058506, "_runtime": 434.2104437351227, "_step": 250, "_wandb": {"runtime": 433}}