{"train/loss": 0.011026214670882644, "train/recon_loss": 0.0079705847059674, "train/kl_loss": 0.419524765374173, "train/embedding": 0.0009580059559084475, "traing/grad": 4.2543330918678665e-15, "_timestamp": 1716617105.324179, "val/AUC": 0.7934485016218789, "val/AP": 0.9007585167643436, "val/PixAUC": 0.9385835576641645, "val/PixAP": 0.4174165746374784, "val/BestDice": 0.45182477519544334, "val/BestThresh": 0.10584332793951035, "val/normal_score": 0.010251487605273724, "val/abnormal_score": 0.018890265375375748, "_runtime": 825.4031100273132, "_step": 250, "_wandb": {"runtime": 824}}