{"train/loss": 0.010158251274509636, "_timestamp": 1715944326.509912, "val/AUC": 0.6844750000000001, "val/AP": 0.673326446372908, "val/normal_score": 0.017218491062521935, "val/abnormal_score": 0.02473430149257183, "_runtime": 533.7143020629883, "_step": 250, "_wandb": {"runtime": 532}}