{"train/loss": 0.004805603521437808, "_timestamp": 1716567144.016618, "train/recon_loss": 0.004798638540209673, "train/embedding_loss": 6.965016658549358e-06, "train/grad_penalty": 4.279941203959768e-12, "val/AUC": 0.7528164093357926, "val/AP": 0.6361220443593543, "val/normal_score": 2.5151119189104065e-05, "val/abnormal_score": 3.8478781789308414e-05, "_runtime": 894.7483930587769, "_step": 250, "_wandb": {"runtime": 893}}