{"train/loss": 0.00850104057004903, "_timestamp": 1715964328.8600392, "train/recon_loss": 0.00850104057004903, "train/embedding_loss": 0.0, "train/grad_penalty": 0.0, "val/AUC": 0.6771389999999999, "val/AP": 0.667598702565741, "val/normal_score": 0.01755364239215851, "val/abnormal_score": 0.025162195786833763, "_runtime": 866.501344203949, "_step": 400, "_wandb": {"runtime": 865}}