{"train/loss": 0.00887947197166645, "train/recon_loss": 0.006055528934752182, "train/kl_loss": 0.56478862350838, "train/embedding": 0.0, "traing/grad": 0.0, "_timestamp": 1716615339.8442183, "val/AUC": 0.8089803489767778, "val/AP": 0.9099501049273662, "val/PixAUC": 0.9474551197152804, "val/PixAP": 0.48373572315240887, "val/BestDice": 0.4956477092263788, "val/BestThresh": 0.10557068139314651, "val/normal_score": 0.008825434371829033, "val/abnormal_score": 0.01722554862499237, "_runtime": 829.9962983131409, "_step": 250, "_wandb": {"runtime": 829}}