{"_wandb": {"runtime": 5}, "train/loss": 2535.8502629845593, "_timestamp": 1715882059.2643197, "_runtime": 6.442297697067261, "_step": 1}