{"train/loss": 0.010753385744988918, "_timestamp": 1716563061.7599015, "train/recon_loss": 0.010647153615951538, "train/embedding_loss": 0.00010623228957410902, "train/grad_penalty": 4.907731637748824e-12, "val/AUC": 0.9027805555555556, "val/AP": 0.8180819246907911, "val/normal_score": 6.48252316750586e-05, "val/abnormal_score": 0.0001376405416522175, "_runtime": 445.6996946334839, "_step": 600, "_wandb": {"runtime": 444}}