{"train/loss": 0.010336548236535605, "_timestamp": 1715946651.7631423, "val/AUC": 0.6788369999999999, "val/AP": 0.6687952626209075, "val/normal_score": 0.017175056040287018, "val/abnormal_score": 0.02441253699362278, "_runtime": 563.4052393436432, "_step": 250, "_wandb": {"runtime": 562}}