{"train/loss": 0.010740704543888568, "_timestamp": 1715971773.156233, "train/recon_loss": 0.01070226826518774, "train/embedding_loss": 3.843639427213929e-05, "train/grad_penalty": 1.4344922277809147e-11, "val/AUC": 0.5596289999999999, "val/AP": 0.5995010076617603, "val/normal_score": 0.01356009766459465, "val/abnormal_score": 0.016625968739390373, "_runtime": 544.0010471343994, "_step": 250, "_wandb": {"runtime": 543}}