{"train/loss": 0.07647281885147095, "_timestamp": 1715991207.9326792, "train/recon_loss": 0.07622811634023234, "train/embedding_loss": 0.00024470218267649087, "train/grad_penalty": 6.029126984198651e-12, "val/AUC": 0.364449364651521, "val/AP": 0.40125333905951627, "val/normal_score": 0.12463501840829849, "val/abnormal_score": 0.10098926723003387, "_runtime": 754.7188031673431, "_step": 250, "_wandb": {"runtime": 753}}