{"train/loss": 0.0032387591864758134, "_timestamp": 1716081224.7534428, "train/recon_loss": 0.0032049829360461563, "train/embedding_loss": 3.377625161681552e-05, "train/grad_penalty": 4.4056094695959354e-13, "val/AUC": 0.7375188596803296, "val/AP": 0.6264576197413041, "val/normal_score": 0.006310469936579466, "val/abnormal_score": 0.012935388833284378, "_runtime": 877.2878787517548, "_step": 250, "_wandb": {"runtime": 876}}