{"train/loss": 0.02511195182800293, "train/recon_loss": 0.016567769780755044, "train/kl_loss": 1.1806772241592407, "train/embedding": 0.002640796359628439, "traing/grad": 8.869853907345765e-14, "_timestamp": 1716626785.8062508, "val/AUC": 0.8095472222222222, "val/AP": 0.7324815333933206, "val/normal_score": 0.00010070079588331282, "val/abnormal_score": 0.00018919460126198828, "_runtime": 449.02746987342834, "_step": 600, "_wandb": {"runtime": 447}}