{"train/loss": 0.0033194726866980395, "_timestamp": 1716120575.9930215, "train/recon_loss": 0.003246478262046973, "train/embedding_loss": 7.29944435103486e-05, "train/grad_penalty": 2.340149869312543e-13, "val/AUC": 0.8012409517105277, "val/AP": 0.7661511813035692, "val/normal_score": 0.0036628618836402893, "val/abnormal_score": 0.006524345371872187, "_runtime": 237.912335395813, "_step": 250, "_wandb": {"runtime": 237}}