{"train/loss": 0.0969859548608462, "_timestamp": 1716198886.4981, "train/recon_loss": 0.0969859548608462, "train/embedding_loss": 0.0361039132575194, "train/grad_penalty": 4.584541121886273e-16, "val/AUC": 0.6864278318618381, "val/AP": 0.6483636574271675, "val/normal_score": 0.15886811912059784, "val/abnormal_score": 0.20083174109458923, "_runtime": 192.93759202957153, "_step": 250, "_wandb": {"runtime": 192}}