{"train/loss": 0.0030080948638276585, "_timestamp": 1716001019.2018974, "train/recon_loss": 0.002981807699953822, "train/embedding_loss": 2.6287169421084876e-05, "train/grad_penalty": 1.9154580896976413e-12, "val/AUC": 0.8231370710948427, "val/AP": 0.9172270447244658, "val/PixAUC": 0.9126889928280967, "val/PixAP": 0.3387134423076934, "val/BestDice": 0.39518229246983383, "val/BestThresh": 0.07238256186246872, "val/normal_score": 0.005990832112729549, "val/abnormal_score": 0.013603394851088524, "_runtime": 786.7295694351196, "_step": 250, "_wandb": {"runtime": 785}}