{"train/loss": 0.041995719988051856, "_timestamp": 1716154607.606694, "train/recon_loss": 0.041995719988051856, "train/embedding_loss": 0.0, "train/grad_penalty": 0.0, "val/AUC": 0.7522253054492846, "val/AP": 0.6489826112163083, "val/normal_score": 0.04845115914940834, "val/abnormal_score": 0.07411360740661621, "_runtime": 873.680732011795, "_step": 250, "_wandb": {"runtime": 872}}