{"train/loss": 0.0026947702982267653, "_timestamp": 1715590977.0417907, "val/AUC": 0.8267562296025156, "val/AP": 0.9204999344213964, "val/PixAUC": 0.8981953422555343, "val/PixAP": 0.25869802448385587, "val/BestDice": 0.33374796096582493, "val/BestThresh": 0.06910661607980728, "val/normal_score": 0.006036718841642141, "val/abnormal_score": 0.01437523402273655, "_runtime": 501.59373569488525, "_step": 250, "_wandb": {"runtime": 500}}