{"train/loss": 0.019631803810596465, "train/recon_loss": 0.012533525243401527, "train/kl_loss": 1.4196557331085204, "train/embedding": 0.0, "traing/grad": 0.0, "_timestamp": 1716642990.2277114, "val/AUC": 0.568615, "val/AP": 0.5894353829920925, "val/normal_score": 5.126793621457182e-05, "val/abnormal_score": 5.5406682804459706e-05, "_runtime": 599.0702705383301, "_step": 250, "_wandb": {"runtime": 598}}