{"train/loss": 0.012370373679349652, "_timestamp": 1716060460.724621, "train/recon_loss": 0.012329968818497485, "train/embedding_loss": 4.0404912181583064e-05, "train/grad_penalty": 8.474430907726361e-12, "val/AUC": 0.696028, "val/AP": 0.6804683981075548, "val/normal_score": 0.017730146646499634, "val/abnormal_score": 0.02565203793346882, "_runtime": 544.7984189987183, "_step": 250, "_wandb": {"runtime": 543}}