{"train/g_loss": 0.9260464367006005, "train/adv_loss": 0.6029990644840764, "train/recon_loss": 0.006401437094697616, "train/enc_loss": 0.0029755195915993475, "train/d_loss": 0.08722186668662772, "_timestamp": 1716731672.140534, "val/AUC": 0.6361773822490043, "val/AP": 0.5306833665990927, "_runtime": 973.4175958633423, "_step": 250, "_wandb": {"runtime": 972}}