{"train/loss": 0.07718712602208995, "_timestamp": 1716086331.134108, "train/recon_loss": 0.07710970825744125, "train/embedding_loss": 7.741793629723607e-05, "train/grad_penalty": 2.019862094668044e-11, "val/AUC": 0.35754155435759205, "val/AP": 0.39759524270980784, "val/normal_score": 0.12660165131092072, "val/abnormal_score": 0.10119501501321793, "_runtime": 775.2241101264954, "_step": 250, "_wandb": {"runtime": 774}}