{"train/loss": 0.09694417889388103, "train/recon_loss": 0.08659018861985057, "train/kl_loss": 1.5916893197305548, "train/embedding": 0.002395543735474348, "traing/grad": 4.05942900821854e-12, "_timestamp": 1716655249.6093864, "val/AUC": 0.43601752021563345, "val/AP": 0.44748640996214983, "val/normal_score": 5.745044109062292e-05, "val/abnormal_score": 5.2318999223643914e-05, "_runtime": 812.7213723659515, "_step": 250, "_wandb": {"runtime": 811}}