{"_wandb": {"runtime": 5}, "train/loss": 905.1985316515478, "_timestamp": 1715879901.224994, "_runtime": 6.421735048294067, "_step": 1}