{"train/loss": 0.02198887485265732, "train/recon_loss": 0.014028486087918282, "train/kl_loss": 1.245857361793518, "train/embedding": 0.0017311018891632557, "traing/grad": 7.227533458872837e-13, "_timestamp": 1716625817.4595833, "val/AUC": 0.5462560000000001, "val/AP": 0.570360469948703, "val/normal_score": 3.097635635640472e-05, "val/abnormal_score": 3.670858495752327e-05, "_runtime": 620.8047962188721, "_step": 250, "_wandb": {"runtime": 620}}