{"train/loss": 0.0015373891903723565, "_timestamp": 1716552876.8909495, "train/recon_loss": 0.0015373891903723565, "train/embedding_loss": 0.0, "train/grad_penalty": 0.0, "val/AUC": 0.7163621303653444, "val/AP": 0.8378285835357729, "val/PixAUC": 0.8443249631191608, "val/PixAP": 0.174987098856859, "val/BestDice": 0.2426038383766257, "val/BestThresh": 0.013971551321446896, "val/normal_score": 0.002065149135887623, "val/abnormal_score": 0.003149418393149972, "_runtime": 936.6238703727722, "_step": 250, "_wandb": {"runtime": 935}}