{"train/loss": 0.01063744803518057, "_timestamp": 1716117074.7838087, "train/recon_loss": 0.010536650590598584, "train/embedding_loss": 0.00010079731495352462, "train/grad_penalty": 1.0404943035641211e-12, "val/AUC": 0.8683305555555556, "val/AP": 0.7765422191692025, "val/normal_score": 0.018268508836627007, "val/abnormal_score": 0.04410640895366669, "_runtime": 380.134890794754, "_step": 600, "_wandb": {"runtime": 379}}