{"train/loss": 0.11424490249156952, "_timestamp": 1716194749.304471, "train/recon_loss": 0.11424490249156952, "train/embedding_loss": 0.010146249033510685, "train/grad_penalty": 2.0807716999611015e-14, "val/AUC": 0.5582940000000001, "val/AP": 0.565639045100057, "val/normal_score": 0.17505325376987457, "val/abnormal_score": 0.19088415801525116, "_runtime": 408.19375491142273, "_step": 250, "_wandb": {"runtime": 407}}