{"train/loss": 0.011604501253709302, "_timestamp": 1715960939.864546, "val/AUC": 0.676742, "val/AP": 0.6663332917014833, "val/normal_score": 0.01735174097120762, "val/abnormal_score": 0.024429267272353172, "_runtime": 363.2897381782532, "_step": 173}