{"train/loss": 0.005381103565664734, "train/recon_loss": 0.0053534865726782505, "train/entro_loss": 0.1380849988740517, "_timestamp": 1716704651.2191079, "val/AUC": 0.6349904274419942, "val/AP": 0.7824148007678975, "val/PixAUC": 0.7968771644783542, "val/PixAP": 0.09590468347575482, "val/BestDice": 0.16390220636554917, "val/BestThresh": 0.11182247847318649, "val/normal_score": 0.035520173609256744, "val/abnormal_score": 0.04048006236553192, "_runtime": 852.661180973053, "_step": 250, "_wandb": {"runtime": 851}}