{"train/loss": 0.10041953164339065, "_timestamp": 1716200228.2833645, "train/recon_loss": 0.10041953164339065, "train/embedding_loss": 0.03180053949356079, "train/grad_penalty": 4.856400853652197e-15, "val/AUC": 0.6815093329846545, "val/AP": 0.6485452713364153, "val/normal_score": 0.1592184454202652, "val/abnormal_score": 0.20045879483222961, "_runtime": 192.7259705066681, "_step": 250, "_wandb": {"runtime": 191}}